[0m19:29:30.956666 [debug] [MainThread]: Sending event: {'category': 'dbt', 'action': 'invocation', 'label': 'start', 'context': [<snowplow_tracker.self_describing_json.SelfDescribingJson object at 0x000002521BD80590>, <snowplow_tracker.self_describing_json.SelfDescribingJson object at 0x00000252192E8B90>, <snowplow_tracker.self_describing_json.SelfDescribingJson object at 0x000002521E27BB10>]}


============================== 19:29:30.963442 | f7132791-dbfc-4a2b-be56-99f906869427 ==============================
[0m19:29:30.963442 [info ] [MainThread]: Running with dbt=1.12.0
[0m19:29:30.963987 [debug] [MainThread]: running dbt with arguments {'static_parser': 'True', 'no_print': 'None', 'maximum_seed_size_mib': '1', 'target_path': 'None', 'version_check': 'True', 'warn_error_options': 'WarnErrorOptionsV2(error=[], warn=[], silence=[])', 'printer_width': '80', 'write_json': 'True', 'introspect': 'True', 'log_cache_events': 'False', 'empty': 'None', 'cache_selected_only': 'False', 'log_format': 'default', 'debug': 'False', 'fail_fast': 'False', 'partial_parse': 'True', 'send_anonymous_usage_stats': 'True', 'quiet': 'False', 'warn_error': 'None', 'profiles_dir': 'C:\\Users\\hamad\\.dbt', 'indirect_selection': 'eager', 'hints_enabled': 'True', 'invocation_command': 'dbt debug', 'use_experimental_parser': 'False', 'use_colors': 'True', 'log_path': 'E:\\snowflake - dbt project\\snowflake_dbt_project\\logs'}
[0m19:29:31.077882 [info ] [MainThread]: dbt version: 1.12.0
[0m19:29:31.078441 [info ] [MainThread]: python version: 3.14.6
[0m19:29:31.078811 [info ] [MainThread]: python path: E:\snowflake - dbt project\dbt-env\Scripts\python.exe
[0m19:29:31.079230 [info ] [MainThread]: os info: Windows-11-10.0.26200-SP0
[0m19:29:31.746512 [debug] [MainThread]: Snowflake adapter: Setting snowflake.connector to ERROR (file logging only)
[0m19:29:31.746992 [debug] [MainThread]: Snowflake adapter: Setting botocore to ERROR (file logging only)
[0m19:29:31.747596 [debug] [MainThread]: Snowflake adapter: Setting boto3 to ERROR (file logging only)
[0m19:29:31.921141 [debug] [MainThread]: Snowflake adapter: Replaced underscores (_) with hyphens (-) in Snowflake account name to form a valid account URL.
[0m19:29:31.930201 [info ] [MainThread]: Using profiles dir at C:\Users\hamad\.dbt
[0m19:29:31.930770 [info ] [MainThread]: Using profiles.yml file at C:\Users\hamad\.dbt\profiles.yml
[0m19:29:31.931172 [info ] [MainThread]: Using dbt_project.yml file at E:\snowflake - dbt project\snowflake_dbt_project\dbt_project.yml
[0m19:29:31.932522 [info ] [MainThread]: adapter type: snowflake
[0m19:29:31.933233 [info ] [MainThread]: adapter version: 1.12.0
[0m19:29:32.101504 [info ] [MainThread]: Configuration:
[0m19:29:32.102982 [info ] [MainThread]:   profiles.yml file [[32mOK found and valid[0m]
[0m19:29:32.103329 [info ] [MainThread]:   dbt_project.yml file [[32mOK found and valid[0m]
[0m19:29:32.103635 [info ] [MainThread]: Required dependencies:
[0m19:29:32.103986 [debug] [MainThread]: Executing "git --help"
[0m19:29:32.132831 [debug] [MainThread]: STDOUT: "b"usage: git [-v | --version] [-h | --help] [-C <path>] [-c <name>=<value>]\n           [--exec-path[=<path>]] [--html-path] [--man-path] [--info-path]\n           [-p | --paginate | -P | --no-pager] [--no-replace-objects] [--bare]\n           [--git-dir=<path>] [--work-tree=<path>] [--namespace=<name>]\n           [--config-env=<name>=<envvar>] <command> [<args>]\n\nThese are common Git commands used in various situations:\n\nstart a working area (see also: git help tutorial)\n   clone     Clone a repository into a new directory\n   init      Create an empty Git repository or reinitialize an existing one\n\nwork on the current change (see also: git help everyday)\n   add       Add file contents to the index\n   mv        Move or rename a file, a directory, or a symlink\n   restore   Restore working tree files\n   rm        Remove files from the working tree and from the index\n\nexamine the history and state (see also: git help revisions)\n   bisect    Use binary search to find the commit that introduced a bug\n   diff      Show changes between commits, commit and working tree, etc\n   grep      Print lines matching a pattern\n   log       Show commit logs\n   show      Show various types of objects\n   status    Show the working tree status\n\ngrow, mark and tweak your common history\n   branch    List, create, or delete branches\n   commit    Record changes to the repository\n   merge     Join two or more development histories together\n   rebase    Reapply commits on top of another base tip\n   reset     Reset current HEAD to the specified state\n   switch    Switch branches\n   tag       Create, list, delete or verify a tag object signed with GPG\n\ncollaborate (see also: git help workflows)\n   fetch     Download objects and refs from another repository\n   pull      Fetch from and integrate with another repository or a local branch\n   push      Update remote refs along with associated objects\n\n'git help -a' and 'git help -g' list available subcommands and some\nconcept guides. See 'git help <command>' or 'git help <concept>'\nto read about a specific subcommand or concept.\nSee 'git help git' for an overview of the system.\n""
[0m19:29:32.133563 [debug] [MainThread]: STDERR: "b''"
[0m19:29:32.134474 [info ] [MainThread]:  - git [[32mOK found[0m]

[0m19:29:32.135504 [info ] [MainThread]: Connection:
[0m19:29:32.136010 [info ] [MainThread]:   account: gzc98749.us-east-1.aws
[0m19:29:32.136425 [info ] [MainThread]:   user: dbt_user
[0m19:29:32.136728 [info ] [MainThread]:   database: finance_db
[0m19:29:32.137027 [info ] [MainThread]:   warehouse: finance_wh
[0m19:29:32.137325 [info ] [MainThread]:   role: ACCOUNTADMIN
[0m19:29:32.137637 [info ] [MainThread]:   schema: raw
[0m19:29:32.137927 [info ] [MainThread]:   authenticator: None
[0m19:29:32.138217 [info ] [MainThread]:   oauth_client_id: None
[0m19:29:32.138669 [info ] [MainThread]:   query_tag: None
[0m19:29:32.138979 [info ] [MainThread]:   client_session_keep_alive: False
[0m19:29:32.139275 [info ] [MainThread]:   host: None
[0m19:29:32.139573 [info ] [MainThread]:   port: None
[0m19:29:32.139863 [info ] [MainThread]:   proxy_host: None
[0m19:29:32.140199 [info ] [MainThread]:   proxy_port: None
[0m19:29:32.140522 [info ] [MainThread]:   protocol: None
[0m19:29:32.140937 [info ] [MainThread]:   connect_retries: 1
[0m19:29:32.141307 [info ] [MainThread]:   connect_timeout: None
[0m19:29:32.141621 [info ] [MainThread]:   retry_on_database_errors: False
[0m19:29:32.141974 [info ] [MainThread]:   retry_all: False
[0m19:29:32.142664 [info ] [MainThread]:   insecure_mode: False
[0m19:29:32.143491 [info ] [MainThread]:   reuse_connections: True
[0m19:29:32.144000 [info ] [MainThread]:   s3_stage_vpce_dns_name: None
[0m19:29:32.144365 [info ] [MainThread]:   workload_identity_provider: None
[0m19:29:32.144692 [info ] [MainThread]:   workload_identity_entra_resource: None
[0m19:29:32.144992 [info ] [MainThread]:   platform_detection_timeout_seconds: 0.0
[0m19:29:32.145465 [info ] [MainThread]: Registered adapter: snowflake=1.12.0
[0m19:29:32.579329 [debug] [MainThread]: Acquiring new snowflake connection 'debug'
[0m19:29:32.581896 [debug] [MainThread]: Using snowflake connection "debug"
[0m19:29:32.582234 [debug] [MainThread]: On debug: select 1 as id
[0m19:29:32.582528 [debug] [MainThread]: Opening a new connection, currently in state init
[0m19:29:36.018240 [debug] [MainThread]: Snowflake adapter: Error running SQL: select 1 as id
[0m19:29:36.018776 [debug] [MainThread]: Snowflake adapter: Rolling back transaction.
[0m19:29:36.019133 [info ] [MainThread]:   Connection test: [[31mERROR[0m]

[0m19:29:36.019473 [info ] [MainThread]: [31m1 check failed:[0m
[0m19:29:36.019794 [info ] [MainThread]: dbt was unable to connect to the specified database.
The database returned the following error:

  >Database Error
  250001: Could not connect to Snowflake backend after 2 attempt(s).Aborting
  Verify that the hostnames and port numbers in SYSTEM$ALLOWLIST are added to your firewall's allowed list.
  To further troubleshoot your connection you may reference the following article: https://docs.snowflake.com/en/user-guide/client-connectivity-troubleshooting/overview.

Check your database credentials and try again. For more information, visit:
https://docs.getdbt.com/docs/configure-your-profile


[0m19:29:36.020655 [debug] [MainThread]: Command `dbt debug` failed at 19:29:36.020516 after 5.33 seconds
[0m19:29:36.021074 [debug] [MainThread]: Connection 'debug' was left open.
[0m19:29:36.021444 [debug] [MainThread]: On debug: No close available on handle
[0m19:29:36.021782 [debug] [MainThread]: Sending event: {'category': 'dbt', 'action': 'invocation', 'label': 'end', 'context': [<snowplow_tracker.self_describing_json.SelfDescribingJson object at 0x00000252202FD0F0>, <snowplow_tracker.self_describing_json.SelfDescribingJson object at 0x00000252200C7770>, <snowplow_tracker.self_describing_json.SelfDescribingJson object at 0x0000025220054050>]}
[0m19:29:36.022187 [debug] [MainThread]: Flushing usage events
[0m19:29:37.115487 [debug] [MainThread]: An error was encountered while trying to flush usage events
[0m19:39:41.808480 [debug] [MainThread]: Sending event: {'category': 'dbt', 'action': 'invocation', 'label': 'start', 'context': [<snowplow_tracker.self_describing_json.SelfDescribingJson object at 0x0000022A310F46E0>, <snowplow_tracker.self_describing_json.SelfDescribingJson object at 0x0000022A336039D0>, <snowplow_tracker.self_describing_json.SelfDescribingJson object at 0x0000022A33603B10>]}


============================== 19:39:41.815308 | 94382265-ec4f-426a-ad5d-4a74fac0f2f3 ==============================
[0m19:39:41.815308 [info ] [MainThread]: Running with dbt=1.12.0
[0m19:39:41.815954 [debug] [MainThread]: running dbt with arguments {'version_check': 'True', 'no_print': 'None', 'maximum_seed_size_mib': '1', 'target_path': 'None', 'warn_error_options': 'WarnErrorOptionsV2(error=[], warn=[], silence=[])', 'static_parser': 'True', 'printer_width': '80', 'write_json': 'True', 'introspect': 'True', 'log_cache_events': 'False', 'empty': 'None', 'cache_selected_only': 'False', 'log_format': 'default', 'debug': 'False', 'fail_fast': 'False', 'partial_parse': 'True', 'send_anonymous_usage_stats': 'True', 'quiet': 'False', 'warn_error': 'None', 'profiles_dir': 'C:\\Users\\hamad\\.dbt', 'indirect_selection': 'eager', 'hints_enabled': 'True', 'invocation_command': 'dbt debug', 'use_experimental_parser': 'False', 'use_colors': 'True', 'log_path': 'E:\\snowflake - dbt project\\snowflake_dbt_project\\logs'}
[0m19:39:41.933426 [info ] [MainThread]: dbt version: 1.12.0
[0m19:39:41.933958 [info ] [MainThread]: python version: 3.14.6
[0m19:39:41.934358 [info ] [MainThread]: python path: C:\Users\hamad\AppData\Local\Python\pythoncore-3.14-64\python.exe
[0m19:39:41.934740 [info ] [MainThread]: os info: Windows-11-10.0.26200-SP0
[0m19:39:42.786716 [debug] [MainThread]: Snowflake adapter: Setting snowflake.connector to ERROR (file logging only)
[0m19:39:42.787247 [debug] [MainThread]: Snowflake adapter: Setting botocore to ERROR (file logging only)
[0m19:39:42.788097 [debug] [MainThread]: Snowflake adapter: Setting boto3 to ERROR (file logging only)
[0m19:39:44.043519 [info ] [MainThread]: Using profiles dir at C:\Users\hamad\.dbt
[0m19:39:44.044017 [info ] [MainThread]: Using profiles.yml file at C:\Users\hamad\.dbt\profiles.yml
[0m19:39:44.044370 [info ] [MainThread]: Using dbt_project.yml file at E:\snowflake - dbt project\snowflake_dbt_project\dbt_project.yml
[0m19:39:44.045556 [info ] [MainThread]: adapter type: snowflake
[0m19:39:44.046552 [info ] [MainThread]: adapter version: 1.12.0
[0m19:39:44.176060 [info ] [MainThread]: Configuration:
[0m19:39:44.176514 [info ] [MainThread]:   profiles.yml file [[32mOK found and valid[0m]
[0m19:39:44.176985 [info ] [MainThread]:   dbt_project.yml file [[32mOK found and valid[0m]
[0m19:39:44.177300 [info ] [MainThread]: Required dependencies:
[0m19:39:44.177619 [debug] [MainThread]: Executing "git --help"
[0m19:39:44.226722 [debug] [MainThread]: STDOUT: "b"usage: git [-v | --version] [-h | --help] [-C <path>] [-c <name>=<value>]\n           [--exec-path[=<path>]] [--html-path] [--man-path] [--info-path]\n           [-p | --paginate | -P | --no-pager] [--no-replace-objects] [--bare]\n           [--git-dir=<path>] [--work-tree=<path>] [--namespace=<name>]\n           [--config-env=<name>=<envvar>] <command> [<args>]\n\nThese are common Git commands used in various situations:\n\nstart a working area (see also: git help tutorial)\n   clone     Clone a repository into a new directory\n   init      Create an empty Git repository or reinitialize an existing one\n\nwork on the current change (see also: git help everyday)\n   add       Add file contents to the index\n   mv        Move or rename a file, a directory, or a symlink\n   restore   Restore working tree files\n   rm        Remove files from the working tree and from the index\n\nexamine the history and state (see also: git help revisions)\n   bisect    Use binary search to find the commit that introduced a bug\n   diff      Show changes between commits, commit and working tree, etc\n   grep      Print lines matching a pattern\n   log       Show commit logs\n   show      Show various types of objects\n   status    Show the working tree status\n\ngrow, mark and tweak your common history\n   branch    List, create, or delete branches\n   commit    Record changes to the repository\n   merge     Join two or more development histories together\n   rebase    Reapply commits on top of another base tip\n   reset     Reset current HEAD to the specified state\n   switch    Switch branches\n   tag       Create, list, delete or verify a tag object signed with GPG\n\ncollaborate (see also: git help workflows)\n   fetch     Download objects and refs from another repository\n   pull      Fetch from and integrate with another repository or a local branch\n   push      Update remote refs along with associated objects\n\n'git help -a' and 'git help -g' list available subcommands and some\nconcept guides. See 'git help <command>' or 'git help <concept>'\nto read about a specific subcommand or concept.\nSee 'git help git' for an overview of the system.\n""
[0m19:39:44.227153 [debug] [MainThread]: STDERR: "b''"
[0m19:39:44.227563 [info ] [MainThread]:  - git [[32mOK found[0m]

[0m19:39:44.228029 [info ] [MainThread]: Connection:
[0m19:39:44.228350 [info ] [MainThread]:   account: IVFMAJJ-BGC04792
[0m19:39:44.228647 [info ] [MainThread]:   user: dbt_user
[0m19:39:44.229047 [info ] [MainThread]:   database: finance_db
[0m19:39:44.229608 [info ] [MainThread]:   warehouse: finance_wh
[0m19:39:44.230226 [info ] [MainThread]:   role: ACCOUNTADMIN
[0m19:39:44.230658 [info ] [MainThread]:   schema: raw
[0m19:39:44.231045 [info ] [MainThread]:   authenticator: None
[0m19:39:44.231347 [info ] [MainThread]:   oauth_client_id: None
[0m19:39:44.231639 [info ] [MainThread]:   query_tag: None
[0m19:39:44.231998 [info ] [MainThread]:   client_session_keep_alive: False
[0m19:39:44.232294 [info ] [MainThread]:   host: None
[0m19:39:44.232583 [info ] [MainThread]:   port: None
[0m19:39:44.232875 [info ] [MainThread]:   proxy_host: None
[0m19:39:44.233167 [info ] [MainThread]:   proxy_port: None
[0m19:39:44.233467 [info ] [MainThread]:   protocol: None
[0m19:39:44.233757 [info ] [MainThread]:   connect_retries: 1
[0m19:39:44.234045 [info ] [MainThread]:   connect_timeout: None
[0m19:39:44.234334 [info ] [MainThread]:   retry_on_database_errors: False
[0m19:39:44.234623 [info ] [MainThread]:   retry_all: False
[0m19:39:44.234911 [info ] [MainThread]:   insecure_mode: False
[0m19:39:44.235201 [info ] [MainThread]:   reuse_connections: True
[0m19:39:44.235500 [info ] [MainThread]:   s3_stage_vpce_dns_name: None
[0m19:39:44.235793 [info ] [MainThread]:   workload_identity_provider: None
[0m19:39:44.236083 [info ] [MainThread]:   workload_identity_entra_resource: None
[0m19:39:44.236375 [info ] [MainThread]:   platform_detection_timeout_seconds: 0.0
[0m19:39:44.236888 [info ] [MainThread]: Registered adapter: snowflake=1.12.0
[0m19:39:44.816770 [debug] [MainThread]: Acquiring new snowflake connection 'debug'
[0m19:39:44.819890 [debug] [MainThread]: Using snowflake connection "debug"
[0m19:39:44.820236 [debug] [MainThread]: On debug: select 1 as id
[0m19:39:44.820528 [debug] [MainThread]: Opening a new connection, currently in state init
[0m19:39:48.390879 [debug] [MainThread]: Snowflake adapter: Error running SQL: select 1 as id
[0m19:39:48.391339 [debug] [MainThread]: Snowflake adapter: Rolling back transaction.
[0m19:39:48.391738 [info ] [MainThread]:   Connection test: [[31mERROR[0m]

[0m19:39:48.392126 [info ] [MainThread]: [31m1 check failed:[0m
[0m19:39:48.392488 [info ] [MainThread]: dbt was unable to connect to the specified database.
The database returned the following error:

  >Database Error
  250001 (08001): Failed to connect to DB: IVFMAJJ-BGC04792.snowflakecomputing.com:443. Incorrect username or password was specified. [60bbcc54-34af-48a4-af9f-b49140209830]

Check your database credentials and try again. For more information, visit:
https://docs.getdbt.com/docs/configure-your-profile


[0m19:39:48.393223 [debug] [MainThread]: Command `dbt debug` failed at 19:39:48.393110 after 6.75 seconds
[0m19:39:48.393562 [debug] [MainThread]: Connection 'debug' was left open.
[0m19:39:48.393864 [debug] [MainThread]: On debug: No close available on handle
[0m19:39:48.394183 [debug] [MainThread]: Sending event: {'category': 'dbt', 'action': 'invocation', 'label': 'end', 'context': [<snowplow_tracker.self_describing_json.SelfDescribingJson object at 0x0000022A34FD9BA0>, <snowplow_tracker.self_describing_json.SelfDescribingJson object at 0x0000022A35472E70>, <snowplow_tracker.self_describing_json.SelfDescribingJson object at 0x0000022A353E29C0>]}
[0m19:39:48.394570 [debug] [MainThread]: Flushing usage events
[0m19:39:49.499830 [debug] [MainThread]: An error was encountered while trying to flush usage events
[0m20:43:06.532649 [debug] [MainThread]: Sending event: {'category': 'dbt', 'action': 'invocation', 'label': 'start', 'context': [<snowplow_tracker.self_describing_json.SelfDescribingJson object at 0x00000247DF838590>, <snowplow_tracker.self_describing_json.SelfDescribingJson object at 0x00000247DCDD8B90>, <snowplow_tracker.self_describing_json.SelfDescribingJson object at 0x00000247E1D37890>]}


============================== 20:43:06.538072 | 50273aad-43b7-455b-8c21-a6daa41cc146 ==============================
[0m20:43:06.538072 [info ] [MainThread]: Running with dbt=1.12.0
[0m20:43:06.538671 [debug] [MainThread]: running dbt with arguments {'version_check': 'True', 'no_print': 'None', 'maximum_seed_size_mib': '1', 'target_path': 'None', 'warn_error_options': 'WarnErrorOptionsV2(error=[], warn=[], silence=[])', 'static_parser': 'True', 'printer_width': '80', 'write_json': 'True', 'introspect': 'True', 'log_cache_events': 'False', 'empty': 'None', 'cache_selected_only': 'False', 'log_format': 'default', 'debug': 'False', 'fail_fast': 'False', 'profiles_dir': 'C:\\Users\\hamad\\.dbt', 'send_anonymous_usage_stats': 'True', 'quiet': 'False', 'warn_error': 'None', 'partial_parse': 'True', 'indirect_selection': 'eager', 'hints_enabled': 'True', 'use_colors': 'True', 'use_experimental_parser': 'False', 'invocation_command': 'dbt debug', 'log_path': 'E:\\snowflake - dbt project\\snowflake_dbt_project\\logs'}
[0m20:43:06.616748 [info ] [MainThread]: dbt version: 1.12.0
[0m20:43:06.617279 [info ] [MainThread]: python version: 3.14.6
[0m20:43:06.617736 [info ] [MainThread]: python path: E:\snowflake - dbt project\dbt-env\Scripts\python.exe
[0m20:43:06.618159 [info ] [MainThread]: os info: Windows-11-10.0.26200-SP0
[0m20:43:07.167476 [debug] [MainThread]: Snowflake adapter: Setting snowflake.connector to ERROR (file logging only)
[0m20:43:07.168267 [debug] [MainThread]: Snowflake adapter: Setting botocore to ERROR (file logging only)
[0m20:43:07.168847 [debug] [MainThread]: Snowflake adapter: Setting boto3 to ERROR (file logging only)
[0m20:43:07.301981 [info ] [MainThread]: Using profiles dir at C:\Users\hamad\.dbt
[0m20:43:07.302570 [info ] [MainThread]: Using profiles.yml file at C:\Users\hamad\.dbt\profiles.yml
[0m20:43:07.302986 [info ] [MainThread]: Using dbt_project.yml file at E:\snowflake - dbt project\snowflake_dbt_project\dbt_project.yml
[0m20:43:07.304006 [info ] [MainThread]: adapter type: snowflake
[0m20:43:07.304407 [info ] [MainThread]: adapter version: 1.12.0
[0m20:43:07.417142 [info ] [MainThread]: Configuration:
[0m20:43:07.417627 [info ] [MainThread]:   profiles.yml file [[32mOK found and valid[0m]
[0m20:43:07.418208 [info ] [MainThread]:   dbt_project.yml file [[32mOK found and valid[0m]
[0m20:43:07.418688 [info ] [MainThread]: Required dependencies:
[0m20:43:07.419187 [debug] [MainThread]: Executing "git --help"
[0m20:43:07.468205 [debug] [MainThread]: STDOUT: "b"usage: git [-v | --version] [-h | --help] [-C <path>] [-c <name>=<value>]\n           [--exec-path[=<path>]] [--html-path] [--man-path] [--info-path]\n           [-p | --paginate | -P | --no-pager] [--no-replace-objects] [--bare]\n           [--git-dir=<path>] [--work-tree=<path>] [--namespace=<name>]\n           [--config-env=<name>=<envvar>] <command> [<args>]\n\nThese are common Git commands used in various situations:\n\nstart a working area (see also: git help tutorial)\n   clone     Clone a repository into a new directory\n   init      Create an empty Git repository or reinitialize an existing one\n\nwork on the current change (see also: git help everyday)\n   add       Add file contents to the index\n   mv        Move or rename a file, a directory, or a symlink\n   restore   Restore working tree files\n   rm        Remove files from the working tree and from the index\n\nexamine the history and state (see also: git help revisions)\n   bisect    Use binary search to find the commit that introduced a bug\n   diff      Show changes between commits, commit and working tree, etc\n   grep      Print lines matching a pattern\n   log       Show commit logs\n   show      Show various types of objects\n   status    Show the working tree status\n\ngrow, mark and tweak your common history\n   branch    List, create, or delete branches\n   commit    Record changes to the repository\n   merge     Join two or more development histories together\n   rebase    Reapply commits on top of another base tip\n   reset     Reset current HEAD to the specified state\n   switch    Switch branches\n   tag       Create, list, delete or verify a tag object signed with GPG\n\ncollaborate (see also: git help workflows)\n   fetch     Download objects and refs from another repository\n   pull      Fetch from and integrate with another repository or a local branch\n   push      Update remote refs along with associated objects\n\n'git help -a' and 'git help -g' list available subcommands and some\nconcept guides. See 'git help <command>' or 'git help <concept>'\nto read about a specific subcommand or concept.\nSee 'git help git' for an overview of the system.\n""
[0m20:43:07.468627 [debug] [MainThread]: STDERR: "b''"
[0m20:43:07.469002 [info ] [MainThread]:  - git [[32mOK found[0m]

[0m20:43:07.469363 [info ] [MainThread]: Connection:
[0m20:43:07.469717 [info ] [MainThread]:   account: IVFMAJJ-BGC04792
[0m20:43:07.470057 [info ] [MainThread]:   user: dbt_user
[0m20:43:07.470381 [info ] [MainThread]:   database: finance_db
[0m20:43:07.470705 [info ] [MainThread]:   warehouse: finance_wh
[0m20:43:07.471028 [info ] [MainThread]:   role: ACCOUNTADMIN
[0m20:43:07.471349 [info ] [MainThread]:   schema: raw
[0m20:43:07.471671 [info ] [MainThread]:   authenticator: None
[0m20:43:07.472000 [info ] [MainThread]:   oauth_client_id: None
[0m20:43:07.472322 [info ] [MainThread]:   query_tag: None
[0m20:43:07.472646 [info ] [MainThread]:   client_session_keep_alive: False
[0m20:43:07.472967 [info ] [MainThread]:   host: None
[0m20:43:07.473291 [info ] [MainThread]:   port: None
[0m20:43:07.473641 [info ] [MainThread]:   proxy_host: None
[0m20:43:07.474048 [info ] [MainThread]:   proxy_port: None
[0m20:43:07.474415 [info ] [MainThread]:   protocol: None
[0m20:43:07.474963 [info ] [MainThread]:   connect_retries: 1
[0m20:43:07.475375 [info ] [MainThread]:   connect_timeout: None
[0m20:43:07.475841 [info ] [MainThread]:   retry_on_database_errors: False
[0m20:43:07.476372 [info ] [MainThread]:   retry_all: False
[0m20:43:07.476748 [info ] [MainThread]:   insecure_mode: False
[0m20:43:07.477104 [info ] [MainThread]:   reuse_connections: True
[0m20:43:07.477443 [info ] [MainThread]:   s3_stage_vpce_dns_name: None
[0m20:43:07.477775 [info ] [MainThread]:   workload_identity_provider: None
[0m20:43:07.478194 [info ] [MainThread]:   workload_identity_entra_resource: None
[0m20:43:07.478561 [info ] [MainThread]:   platform_detection_timeout_seconds: 0.0
[0m20:43:07.479127 [info ] [MainThread]: Registered adapter: snowflake=1.12.0
[0m20:43:07.890782 [debug] [MainThread]: Acquiring new snowflake connection 'debug'
[0m20:43:07.893579 [debug] [MainThread]: Using snowflake connection "debug"
[0m20:43:07.893937 [debug] [MainThread]: On debug: select 1 as id
[0m20:43:07.894201 [debug] [MainThread]: Opening a new connection, currently in state init
[0m20:43:08.963206 [debug] [MainThread]: Snowflake adapter: Error running SQL: select 1 as id
[0m20:43:08.963569 [debug] [MainThread]: Snowflake adapter: Rolling back transaction.
[0m20:43:08.963903 [info ] [MainThread]:   Connection test: [[31mERROR[0m]

[0m20:43:08.964284 [info ] [MainThread]: [31m1 check failed:[0m
[0m20:43:08.964633 [info ] [MainThread]: dbt was unable to connect to the specified database.
The database returned the following error:

  >Database Error
  250001 (08001): Failed to connect to DB: IVFMAJJ-BGC04792.snowflakecomputing.com:443. Incorrect username or password was specified. [ee4d11f0-6af7-4ae1-8aaf-72a7dbb6145a]

Check your database credentials and try again. For more information, visit:
https://docs.getdbt.com/docs/configure-your-profile


[0m20:43:08.965411 [debug] [MainThread]: Command `dbt debug` failed at 20:43:08.965303 after 2.64 seconds
[0m20:43:08.965718 [debug] [MainThread]: Connection 'debug' was left open.
[0m20:43:08.966010 [debug] [MainThread]: On debug: No close available on handle
[0m20:43:08.966312 [debug] [MainThread]: Sending event: {'category': 'dbt', 'action': 'invocation', 'label': 'end', 'context': [<snowplow_tracker.self_describing_json.SelfDescribingJson object at 0x00000247E37D96E0>, <snowplow_tracker.self_describing_json.SelfDescribingJson object at 0x00000247E3C36D50>, <snowplow_tracker.self_describing_json.SelfDescribingJson object at 0x00000247E3B9FF00>]}
[0m20:43:08.966670 [debug] [MainThread]: Flushing usage events
[0m20:43:09.810353 [debug] [MainThread]: An error was encountered while trying to flush usage events
[0m20:52:12.368665 [debug] [MainThread]: Sending event: {'category': 'dbt', 'action': 'invocation', 'label': 'start', 'context': [<snowplow_tracker.self_describing_json.SelfDescribingJson object at 0x00000214697E8590>, <snowplow_tracker.self_describing_json.SelfDescribingJson object at 0x0000021466D58B90>, <snowplow_tracker.self_describing_json.SelfDescribingJson object at 0x000002146BCE7890>]}


============================== 20:52:12.374384 | 835d4a04-ac65-495e-8e30-cea70d39ff1a ==============================
[0m20:52:12.374384 [info ] [MainThread]: Running with dbt=1.12.0
[0m20:52:12.375272 [debug] [MainThread]: running dbt with arguments {'maximum_seed_size_mib': '1', 'no_print': 'None', 'static_parser': 'True', 'target_path': 'None', 'warn_error_options': 'WarnErrorOptionsV2(error=[], warn=[], silence=[])', 'version_check': 'True', 'printer_width': '80', 'write_json': 'True', 'introspect': 'True', 'log_cache_events': 'False', 'empty': 'None', 'cache_selected_only': 'False', 'log_format': 'default', 'debug': 'False', 'fail_fast': 'False', 'partial_parse': 'True', 'send_anonymous_usage_stats': 'True', 'quiet': 'False', 'warn_error': 'None', 'profiles_dir': 'C:\\Users\\hamad\\.dbt', 'indirect_selection': 'eager', 'hints_enabled': 'True', 'invocation_command': 'dbt debug', 'use_experimental_parser': 'False', 'use_colors': 'True', 'log_path': 'E:\\snowflake - dbt project\\snowflake_dbt_project\\logs'}
[0m20:52:12.457431 [info ] [MainThread]: dbt version: 1.12.0
[0m20:52:12.457926 [info ] [MainThread]: python version: 3.14.6
[0m20:52:12.458443 [info ] [MainThread]: python path: E:\snowflake - dbt project\dbt-env\Scripts\python.exe
[0m20:52:12.458878 [info ] [MainThread]: os info: Windows-11-10.0.26200-SP0
[0m20:52:12.980267 [debug] [MainThread]: Snowflake adapter: Setting snowflake.connector to ERROR (file logging only)
[0m20:52:12.981065 [debug] [MainThread]: Snowflake adapter: Setting botocore to ERROR (file logging only)
[0m20:52:12.981658 [debug] [MainThread]: Snowflake adapter: Setting boto3 to ERROR (file logging only)
[0m20:52:13.116327 [info ] [MainThread]: Using profiles dir at C:\Users\hamad\.dbt
[0m20:52:13.117151 [info ] [MainThread]: Using profiles.yml file at C:\Users\hamad\.dbt\profiles.yml
[0m20:52:13.117587 [info ] [MainThread]: Using dbt_project.yml file at E:\snowflake - dbt project\snowflake_dbt_project\dbt_project.yml
[0m20:52:13.118654 [info ] [MainThread]: adapter type: snowflake
[0m20:52:13.119128 [info ] [MainThread]: adapter version: 1.12.0
[0m20:52:13.315078 [info ] [MainThread]: Configuration:
[0m20:52:13.315867 [info ] [MainThread]:   profiles.yml file [[32mOK found and valid[0m]
[0m20:52:13.316446 [info ] [MainThread]:   dbt_project.yml file [[32mOK found and valid[0m]
[0m20:52:13.317893 [info ] [MainThread]: Required dependencies:
[0m20:52:13.318729 [debug] [MainThread]: Executing "git --help"
[0m20:52:13.368259 [debug] [MainThread]: STDOUT: "b"usage: git [-v | --version] [-h | --help] [-C <path>] [-c <name>=<value>]\n           [--exec-path[=<path>]] [--html-path] [--man-path] [--info-path]\n           [-p | --paginate | -P | --no-pager] [--no-replace-objects] [--bare]\n           [--git-dir=<path>] [--work-tree=<path>] [--namespace=<name>]\n           [--config-env=<name>=<envvar>] <command> [<args>]\n\nThese are common Git commands used in various situations:\n\nstart a working area (see also: git help tutorial)\n   clone     Clone a repository into a new directory\n   init      Create an empty Git repository or reinitialize an existing one\n\nwork on the current change (see also: git help everyday)\n   add       Add file contents to the index\n   mv        Move or rename a file, a directory, or a symlink\n   restore   Restore working tree files\n   rm        Remove files from the working tree and from the index\n\nexamine the history and state (see also: git help revisions)\n   bisect    Use binary search to find the commit that introduced a bug\n   diff      Show changes between commits, commit and working tree, etc\n   grep      Print lines matching a pattern\n   log       Show commit logs\n   show      Show various types of objects\n   status    Show the working tree status\n\ngrow, mark and tweak your common history\n   branch    List, create, or delete branches\n   commit    Record changes to the repository\n   merge     Join two or more development histories together\n   rebase    Reapply commits on top of another base tip\n   reset     Reset current HEAD to the specified state\n   switch    Switch branches\n   tag       Create, list, delete or verify a tag object signed with GPG\n\ncollaborate (see also: git help workflows)\n   fetch     Download objects and refs from another repository\n   pull      Fetch from and integrate with another repository or a local branch\n   push      Update remote refs along with associated objects\n\n'git help -a' and 'git help -g' list available subcommands and some\nconcept guides. See 'git help <command>' or 'git help <concept>'\nto read about a specific subcommand or concept.\nSee 'git help git' for an overview of the system.\n""
[0m20:52:13.368690 [debug] [MainThread]: STDERR: "b''"
[0m20:52:13.369072 [info ] [MainThread]:  - git [[32mOK found[0m]

[0m20:52:13.369803 [info ] [MainThread]: Connection:
[0m20:52:13.370567 [info ] [MainThread]:   account: IVFMAJJ-BGC04792
[0m20:52:13.371178 [info ] [MainThread]:   user: dbt_user
[0m20:52:13.371819 [info ] [MainThread]:   database: finance_db
[0m20:52:13.372421 [info ] [MainThread]:   warehouse: finance_wh
[0m20:52:13.372848 [info ] [MainThread]:   role: ACCOUNTADMIN
[0m20:52:13.373285 [info ] [MainThread]:   schema: raw
[0m20:52:13.373693 [info ] [MainThread]:   authenticator: None
[0m20:52:13.374093 [info ] [MainThread]:   oauth_client_id: None
[0m20:52:13.374547 [info ] [MainThread]:   query_tag: None
[0m20:52:13.375128 [info ] [MainThread]:   client_session_keep_alive: False
[0m20:52:13.375691 [info ] [MainThread]:   host: None
[0m20:52:13.376253 [info ] [MainThread]:   port: None
[0m20:52:13.376811 [info ] [MainThread]:   proxy_host: None
[0m20:52:13.377341 [info ] [MainThread]:   proxy_port: None
[0m20:52:13.377925 [info ] [MainThread]:   protocol: None
[0m20:52:13.378737 [info ] [MainThread]:   connect_retries: 1
[0m20:52:13.379371 [info ] [MainThread]:   connect_timeout: None
[0m20:52:13.379947 [info ] [MainThread]:   retry_on_database_errors: False
[0m20:52:13.380514 [info ] [MainThread]:   retry_all: False
[0m20:52:13.381035 [info ] [MainThread]:   insecure_mode: False
[0m20:52:13.381778 [info ] [MainThread]:   reuse_connections: True
[0m20:52:13.382428 [info ] [MainThread]:   s3_stage_vpce_dns_name: None
[0m20:52:13.383193 [info ] [MainThread]:   workload_identity_provider: None
[0m20:52:13.383885 [info ] [MainThread]:   workload_identity_entra_resource: None
[0m20:52:13.384601 [info ] [MainThread]:   platform_detection_timeout_seconds: 0.0
[0m20:52:13.385550 [info ] [MainThread]: Registered adapter: snowflake=1.12.0
[0m20:52:13.705811 [debug] [MainThread]: Acquiring new snowflake connection 'debug'
[0m20:52:13.708341 [debug] [MainThread]: Using snowflake connection "debug"
[0m20:52:13.708656 [debug] [MainThread]: On debug: select 1 as id
[0m20:52:13.708931 [debug] [MainThread]: Opening a new connection, currently in state init
[0m20:52:14.692420 [debug] [MainThread]: Snowflake adapter: Error running SQL: select 1 as id
[0m20:52:14.692828 [debug] [MainThread]: Snowflake adapter: Rolling back transaction.
[0m20:52:14.693190 [info ] [MainThread]:   Connection test: [[31mERROR[0m]

[0m20:52:14.693640 [info ] [MainThread]: [31m1 check failed:[0m
[0m20:52:14.694065 [info ] [MainThread]: dbt was unable to connect to the specified database.
The database returned the following error:

  >Database Error
  250001 (08001): Failed to connect to DB: IVFMAJJ-BGC04792.snowflakecomputing.com:443. Incorrect username or password was specified. [c2a3904b-25a8-4311-a170-eb7c276cc774]

Check your database credentials and try again. For more information, visit:
https://docs.getdbt.com/docs/configure-your-profile


[0m20:52:14.695113 [debug] [MainThread]: Command `dbt debug` failed at 20:52:14.694917 after 2.55 seconds
[0m20:52:14.695727 [debug] [MainThread]: Connection 'debug' was left open.
[0m20:52:14.696193 [debug] [MainThread]: On debug: No close available on handle
[0m20:52:14.696562 [debug] [MainThread]: Sending event: {'category': 'dbt', 'action': 'invocation', 'label': 'end', 'context': [<snowplow_tracker.self_describing_json.SelfDescribingJson object at 0x000002146D6F56E0>, <snowplow_tracker.self_describing_json.SelfDescribingJson object at 0x000002146DB56D50>, <snowplow_tracker.self_describing_json.SelfDescribingJson object at 0x000002146DAE3F00>]}
[0m20:52:14.697027 [debug] [MainThread]: Flushing usage events
[0m20:52:15.488446 [debug] [MainThread]: An error was encountered while trying to flush usage events
[0m20:55:23.303303 [debug] [MainThread]: Sending event: {'category': 'dbt', 'action': 'invocation', 'label': 'start', 'context': [<snowplow_tracker.self_describing_json.SelfDescribingJson object at 0x000001B683188590>, <snowplow_tracker.self_describing_json.SelfDescribingJson object at 0x000001B6FFEF8B90>, <snowplow_tracker.self_describing_json.SelfDescribingJson object at 0x000001B685687890>]}


============================== 20:55:23.309531 | 6da99f14-14ff-437d-bc9d-e71123549ba7 ==============================
[0m20:55:23.309531 [info ] [MainThread]: Running with dbt=1.12.0
[0m20:55:23.310275 [debug] [MainThread]: running dbt with arguments {'static_parser': 'True', 'no_print': 'None', 'version_check': 'True', 'target_path': 'None', 'maximum_seed_size_mib': '1', 'warn_error_options': 'WarnErrorOptionsV2(error=[], warn=[], silence=[])', 'printer_width': '80', 'write_json': 'True', 'introspect': 'True', 'log_cache_events': 'False', 'empty': 'None', 'cache_selected_only': 'False', 'fail_fast': 'False', 'debug': 'False', 'log_format': 'default', 'profiles_dir': 'C:\\Users\\hamad\\.dbt', 'send_anonymous_usage_stats': 'True', 'quiet': 'False', 'warn_error': 'None', 'partial_parse': 'True', 'invocation_command': 'dbt debug', 'hints_enabled': 'True', 'indirect_selection': 'eager', 'use_experimental_parser': 'False', 'use_colors': 'True', 'log_path': 'E:\\snowflake - dbt project\\snowflake_dbt_project\\logs'}
[0m20:55:23.393310 [info ] [MainThread]: dbt version: 1.12.0
[0m20:55:23.393935 [info ] [MainThread]: python version: 3.14.6
[0m20:55:23.394484 [info ] [MainThread]: python path: E:\snowflake - dbt project\dbt-env\Scripts\python.exe
[0m20:55:23.395023 [info ] [MainThread]: os info: Windows-11-10.0.26200-SP0
[0m20:55:23.895233 [debug] [MainThread]: Snowflake adapter: Setting snowflake.connector to ERROR (file logging only)
[0m20:55:23.895676 [debug] [MainThread]: Snowflake adapter: Setting botocore to ERROR (file logging only)
[0m20:55:23.896235 [debug] [MainThread]: Snowflake adapter: Setting boto3 to ERROR (file logging only)
[0m20:55:24.029715 [info ] [MainThread]: Using profiles dir at C:\Users\hamad\.dbt
[0m20:55:24.030244 [info ] [MainThread]: Using profiles.yml file at C:\Users\hamad\.dbt\profiles.yml
[0m20:55:24.030676 [info ] [MainThread]: Using dbt_project.yml file at E:\snowflake - dbt project\snowflake_dbt_project\dbt_project.yml
[0m20:55:24.031733 [info ] [MainThread]: adapter type: snowflake
[0m20:55:24.032129 [info ] [MainThread]: adapter version: 1.12.0
[0m20:55:24.154798 [info ] [MainThread]: Configuration:
[0m20:55:24.155458 [info ] [MainThread]:   profiles.yml file [[32mOK found and valid[0m]
[0m20:55:24.155973 [info ] [MainThread]:   dbt_project.yml file [[32mOK found and valid[0m]
[0m20:55:24.156351 [info ] [MainThread]: Required dependencies:
[0m20:55:24.156797 [debug] [MainThread]: Executing "git --help"
[0m20:55:24.203663 [debug] [MainThread]: STDOUT: "b"usage: git [-v | --version] [-h | --help] [-C <path>] [-c <name>=<value>]\n           [--exec-path[=<path>]] [--html-path] [--man-path] [--info-path]\n           [-p | --paginate | -P | --no-pager] [--no-replace-objects] [--bare]\n           [--git-dir=<path>] [--work-tree=<path>] [--namespace=<name>]\n           [--config-env=<name>=<envvar>] <command> [<args>]\n\nThese are common Git commands used in various situations:\n\nstart a working area (see also: git help tutorial)\n   clone     Clone a repository into a new directory\n   init      Create an empty Git repository or reinitialize an existing one\n\nwork on the current change (see also: git help everyday)\n   add       Add file contents to the index\n   mv        Move or rename a file, a directory, or a symlink\n   restore   Restore working tree files\n   rm        Remove files from the working tree and from the index\n\nexamine the history and state (see also: git help revisions)\n   bisect    Use binary search to find the commit that introduced a bug\n   diff      Show changes between commits, commit and working tree, etc\n   grep      Print lines matching a pattern\n   log       Show commit logs\n   show      Show various types of objects\n   status    Show the working tree status\n\ngrow, mark and tweak your common history\n   branch    List, create, or delete branches\n   commit    Record changes to the repository\n   merge     Join two or more development histories together\n   rebase    Reapply commits on top of another base tip\n   reset     Reset current HEAD to the specified state\n   switch    Switch branches\n   tag       Create, list, delete or verify a tag object signed with GPG\n\ncollaborate (see also: git help workflows)\n   fetch     Download objects and refs from another repository\n   pull      Fetch from and integrate with another repository or a local branch\n   push      Update remote refs along with associated objects\n\n'git help -a' and 'git help -g' list available subcommands and some\nconcept guides. See 'git help <command>' or 'git help <concept>'\nto read about a specific subcommand or concept.\nSee 'git help git' for an overview of the system.\n""
[0m20:55:24.204138 [debug] [MainThread]: STDERR: "b''"
[0m20:55:24.204527 [info ] [MainThread]:  - git [[32mOK found[0m]

[0m20:55:24.205041 [info ] [MainThread]: Connection:
[0m20:55:24.205470 [info ] [MainThread]:   account: IVFMAJJ-BGC04792
[0m20:55:24.205960 [info ] [MainThread]:   user: dbt_user
[0m20:55:24.206381 [info ] [MainThread]:   database: finance_db
[0m20:55:24.206808 [info ] [MainThread]:   warehouse: finance_wh
[0m20:55:24.207208 [info ] [MainThread]:   role: ACCOUNTADMIN
[0m20:55:24.207645 [info ] [MainThread]:   schema: raw
[0m20:55:24.208047 [info ] [MainThread]:   authenticator: None
[0m20:55:24.208552 [info ] [MainThread]:   oauth_client_id: None
[0m20:55:24.209013 [info ] [MainThread]:   query_tag: None
[0m20:55:24.209477 [info ] [MainThread]:   client_session_keep_alive: False
[0m20:55:24.209873 [info ] [MainThread]:   host: None
[0m20:55:24.210317 [info ] [MainThread]:   port: None
[0m20:55:24.210775 [info ] [MainThread]:   proxy_host: None
[0m20:55:24.211224 [info ] [MainThread]:   proxy_port: None
[0m20:55:24.211639 [info ] [MainThread]:   protocol: None
[0m20:55:24.212024 [info ] [MainThread]:   connect_retries: 1
[0m20:55:24.212531 [info ] [MainThread]:   connect_timeout: None
[0m20:55:24.213082 [info ] [MainThread]:   retry_on_database_errors: False
[0m20:55:24.213617 [info ] [MainThread]:   retry_all: False
[0m20:55:24.214144 [info ] [MainThread]:   insecure_mode: False
[0m20:55:24.214658 [info ] [MainThread]:   reuse_connections: True
[0m20:55:24.215142 [info ] [MainThread]:   s3_stage_vpce_dns_name: None
[0m20:55:24.215733 [info ] [MainThread]:   workload_identity_provider: None
[0m20:55:24.216535 [info ] [MainThread]:   workload_identity_entra_resource: None
[0m20:55:24.217041 [info ] [MainThread]:   platform_detection_timeout_seconds: 0.0
[0m20:55:24.217777 [info ] [MainThread]: Registered adapter: snowflake=1.12.0
[0m20:55:24.527257 [debug] [MainThread]: Acquiring new snowflake connection 'debug'
[0m20:55:24.529713 [debug] [MainThread]: Using snowflake connection "debug"
[0m20:55:24.530026 [debug] [MainThread]: On debug: select 1 as id
[0m20:55:24.530297 [debug] [MainThread]: Opening a new connection, currently in state init
[0m20:55:26.467370 [debug] [MainThread]: SQL status: SUCCESS 1 in 1.937 seconds
[0m20:55:26.470500 [info ] [MainThread]:   Connection test: [[32mOK connection ok[0m]

[0m20:55:26.471746 [info ] [MainThread]: [32mAll checks passed![0m
[0m20:55:26.473932 [debug] [MainThread]: Command `dbt debug` succeeded at 20:55:26.473639 after 3.40 seconds
[0m20:55:26.474701 [debug] [MainThread]: Connection 'debug' was left open.
[0m20:55:26.475463 [debug] [MainThread]: On debug: Close
[0m20:55:27.018747 [debug] [MainThread]: Sending event: {'category': 'dbt', 'action': 'invocation', 'label': 'end', 'context': [<snowplow_tracker.self_describing_json.SelfDescribingJson object at 0x000001B687162190>, <snowplow_tracker.self_describing_json.SelfDescribingJson object at 0x000001B6FFC585F0>, <snowplow_tracker.self_describing_json.SelfDescribingJson object at 0x000001B68751BF00>]}
[0m20:55:27.020393 [debug] [MainThread]: Flushing usage events
[0m20:55:27.839471 [debug] [MainThread]: An error was encountered while trying to flush usage events
[0m21:20:14.733071 [debug] [MainThread]: Sending event: {'category': 'dbt', 'action': 'invocation', 'label': 'start', 'context': [<snowplow_tracker.self_describing_json.SelfDescribingJson object at 0x000002F828E20590>, <snowplow_tracker.self_describing_json.SelfDescribingJson object at 0x000002F826380B90>, <snowplow_tracker.self_describing_json.SelfDescribingJson object at 0x000002F82B32B890>]}


============================== 21:20:14.738526 | b2b21a5e-f6e9-4bd8-8204-68e73eed9f63 ==============================
[0m21:20:14.738526 [info ] [MainThread]: Running with dbt=1.12.0
[0m21:20:14.739131 [debug] [MainThread]: running dbt with arguments {'maximum_seed_size_mib': '1', 'no_print': 'None', 'version_check': 'True', 'warn_error_options': 'WarnErrorOptionsV2(error=[], warn=[], silence=[])', 'static_parser': 'True', 'target_path': 'None', 'printer_width': '80', 'write_json': 'True', 'empty': 'None', 'log_cache_events': 'False', 'introspect': 'True', 'cache_selected_only': 'False', 'fail_fast': 'False', 'debug': 'False', 'log_format': 'default', 'profiles_dir': 'C:\\Users\\hamad\\.dbt', 'send_anonymous_usage_stats': 'True', 'quiet': 'False', 'warn_error': 'None', 'partial_parse': 'True', 'invocation_command': 'dbt debug', 'hints_enabled': 'True', 'indirect_selection': 'eager', 'use_experimental_parser': 'False', 'use_colors': 'True', 'log_path': 'E:\\snowflake - dbt project\\snowflake_dbt_project\\logs'}
[0m21:20:14.816764 [info ] [MainThread]: dbt version: 1.12.0
[0m21:20:14.817355 [info ] [MainThread]: python version: 3.14.6
[0m21:20:14.817794 [info ] [MainThread]: python path: E:\snowflake - dbt project\snowflake_dbt_project\dbt-env\Scripts\python.exe
[0m21:20:14.818192 [info ] [MainThread]: os info: Windows-11-10.0.26200-SP0
[0m21:20:15.340615 [debug] [MainThread]: Snowflake adapter: Setting snowflake.connector to ERROR (file logging only)
[0m21:20:15.341049 [debug] [MainThread]: Snowflake adapter: Setting botocore to ERROR (file logging only)
[0m21:20:15.341592 [debug] [MainThread]: Snowflake adapter: Setting boto3 to ERROR (file logging only)
[0m21:20:15.483926 [info ] [MainThread]: Using profiles dir at C:\Users\hamad\.dbt
[0m21:20:15.484469 [info ] [MainThread]: Using profiles.yml file at C:\Users\hamad\.dbt\profiles.yml
[0m21:20:15.484910 [info ] [MainThread]: Using dbt_project.yml file at E:\snowflake - dbt project\snowflake_dbt_project\dbt_project.yml
[0m21:20:15.486070 [info ] [MainThread]: adapter type: snowflake
[0m21:20:15.486625 [info ] [MainThread]: adapter version: 1.12.0
[0m21:20:15.627538 [info ] [MainThread]: Configuration:
[0m21:20:15.628077 [info ] [MainThread]:   profiles.yml file [[32mOK found and valid[0m]
[0m21:20:15.628655 [info ] [MainThread]:   dbt_project.yml file [[32mOK found and valid[0m]
[0m21:20:15.629155 [info ] [MainThread]: Required dependencies:
[0m21:20:15.630241 [debug] [MainThread]: Executing "git --help"
[0m21:20:15.685208 [debug] [MainThread]: STDOUT: "b"usage: git [-v | --version] [-h | --help] [-C <path>] [-c <name>=<value>]\n           [--exec-path[=<path>]] [--html-path] [--man-path] [--info-path]\n           [-p | --paginate | -P | --no-pager] [--no-replace-objects] [--bare]\n           [--git-dir=<path>] [--work-tree=<path>] [--namespace=<name>]\n           [--config-env=<name>=<envvar>] <command> [<args>]\n\nThese are common Git commands used in various situations:\n\nstart a working area (see also: git help tutorial)\n   clone     Clone a repository into a new directory\n   init      Create an empty Git repository or reinitialize an existing one\n\nwork on the current change (see also: git help everyday)\n   add       Add file contents to the index\n   mv        Move or rename a file, a directory, or a symlink\n   restore   Restore working tree files\n   rm        Remove files from the working tree and from the index\n\nexamine the history and state (see also: git help revisions)\n   bisect    Use binary search to find the commit that introduced a bug\n   diff      Show changes between commits, commit and working tree, etc\n   grep      Print lines matching a pattern\n   log       Show commit logs\n   show      Show various types of objects\n   status    Show the working tree status\n\ngrow, mark and tweak your common history\n   branch    List, create, or delete branches\n   commit    Record changes to the repository\n   merge     Join two or more development histories together\n   rebase    Reapply commits on top of another base tip\n   reset     Reset current HEAD to the specified state\n   switch    Switch branches\n   tag       Create, list, delete or verify a tag object signed with GPG\n\ncollaborate (see also: git help workflows)\n   fetch     Download objects and refs from another repository\n   pull      Fetch from and integrate with another repository or a local branch\n   push      Update remote refs along with associated objects\n\n'git help -a' and 'git help -g' list available subcommands and some\nconcept guides. See 'git help <command>' or 'git help <concept>'\nto read about a specific subcommand or concept.\nSee 'git help git' for an overview of the system.\n""
[0m21:20:15.685685 [debug] [MainThread]: STDERR: "b''"
[0m21:20:15.686080 [info ] [MainThread]:  - git [[32mOK found[0m]

[0m21:20:15.686458 [info ] [MainThread]: Connection:
[0m21:20:15.686875 [info ] [MainThread]:   account: IVFMAJJ-BGC04792
[0m21:20:15.687258 [info ] [MainThread]:   user: dbt_user
[0m21:20:15.687612 [info ] [MainThread]:   database: finance_db
[0m21:20:15.687968 [info ] [MainThread]:   warehouse: finance_wh
[0m21:20:15.688317 [info ] [MainThread]:   role: ACCOUNTADMIN
[0m21:20:15.688651 [info ] [MainThread]:   schema: raw
[0m21:20:15.688980 [info ] [MainThread]:   authenticator: None
[0m21:20:15.689318 [info ] [MainThread]:   oauth_client_id: None
[0m21:20:15.689646 [info ] [MainThread]:   query_tag: None
[0m21:20:15.689975 [info ] [MainThread]:   client_session_keep_alive: False
[0m21:20:15.690311 [info ] [MainThread]:   host: None
[0m21:20:15.690636 [info ] [MainThread]:   port: None
[0m21:20:15.690963 [info ] [MainThread]:   proxy_host: None
[0m21:20:15.691368 [info ] [MainThread]:   proxy_port: None
[0m21:20:15.691788 [info ] [MainThread]:   protocol: None
[0m21:20:15.692304 [info ] [MainThread]:   connect_retries: 1
[0m21:20:15.692806 [info ] [MainThread]:   connect_timeout: None
[0m21:20:15.693314 [info ] [MainThread]:   retry_on_database_errors: False
[0m21:20:15.693727 [info ] [MainThread]:   retry_all: False
[0m21:20:15.694115 [info ] [MainThread]:   insecure_mode: False
[0m21:20:15.694470 [info ] [MainThread]:   reuse_connections: True
[0m21:20:15.694812 [info ] [MainThread]:   s3_stage_vpce_dns_name: None
[0m21:20:15.695241 [info ] [MainThread]:   workload_identity_provider: None
[0m21:20:15.695624 [info ] [MainThread]:   workload_identity_entra_resource: None
[0m21:20:15.695999 [info ] [MainThread]:   platform_detection_timeout_seconds: 0.0
[0m21:20:15.696741 [info ] [MainThread]: Registered adapter: snowflake=1.12.0
[0m21:20:16.039127 [debug] [MainThread]: Acquiring new snowflake connection 'debug'
[0m21:20:16.041917 [debug] [MainThread]: Using snowflake connection "debug"
[0m21:20:16.042264 [debug] [MainThread]: On debug: select 1 as id
[0m21:20:16.042548 [debug] [MainThread]: Opening a new connection, currently in state init
[0m21:20:19.403481 [debug] [MainThread]: SQL status: SUCCESS 1 in 3.361 seconds
[0m21:20:19.405093 [info ] [MainThread]:   Connection test: [[32mOK connection ok[0m]

[0m21:20:19.405867 [info ] [MainThread]: [32mAll checks passed![0m
[0m21:20:19.407377 [debug] [MainThread]: Command `dbt debug` succeeded at 21:20:19.407165 after 5.04 seconds
[0m21:20:19.407978 [debug] [MainThread]: Connection 'debug' was left open.
[0m21:20:19.408552 [debug] [MainThread]: On debug: Close
[0m21:20:19.777529 [debug] [MainThread]: Sending event: {'category': 'dbt', 'action': 'invocation', 'label': 'end', 'context': [<snowplow_tracker.self_describing_json.SelfDescribingJson object at 0x000002F82E3BFCE0>, <snowplow_tracker.self_describing_json.SelfDescribingJson object at 0x000002F8260DC5F0>, <snowplow_tracker.self_describing_json.SelfDescribingJson object at 0x000002F82D13BF00>]}
[0m21:20:19.778130 [debug] [MainThread]: Flushing usage events
[0m21:20:20.644036 [debug] [MainThread]: An error was encountered while trying to flush usage events
[0m22:22:18.920024 [debug] [MainThread]: Sending event: {'category': 'dbt', 'action': 'invocation', 'label': 'start', 'context': [<snowplow_tracker.self_describing_json.SelfDescribingJson object at 0x0000024583AE0590>, <snowplow_tracker.self_describing_json.SelfDescribingJson object at 0x0000024581050B90>, <snowplow_tracker.self_describing_json.SelfDescribingJson object at 0x00000245860779D0>]}


============================== 22:22:18.927762 | 0da55ce2-c3c5-4aff-be48-b86e9ea9cb87 ==============================
[0m22:22:18.927762 [info ] [MainThread]: Running with dbt=1.12.0
[0m22:22:18.928442 [debug] [MainThread]: running dbt with arguments {'version_check': 'True', 'no_print': 'None', 'maximum_seed_size_mib': '1', 'warn_error_options': 'WarnErrorOptionsV2(error=[], warn=[], silence=[])', 'target_path': 'None', 'static_parser': 'True', 'printer_width': '80', 'write_json': 'True', 'empty': 'False', 'log_cache_events': 'False', 'introspect': 'True', 'cache_selected_only': 'False', 'log_format': 'default', 'debug': 'False', 'fail_fast': 'False', 'partial_parse': 'True', 'send_anonymous_usage_stats': 'True', 'quiet': 'False', 'warn_error': 'None', 'profiles_dir': 'C:\\Users\\hamad\\.dbt', 'use_colors': 'True', 'hints_enabled': 'True', 'invocation_command': 'dbt run', 'use_experimental_parser': 'False', 'indirect_selection': 'eager', 'log_path': 'E:\\snowflake - dbt project\\snowflake_dbt_project\\logs'}
[0m22:22:20.007205 [debug] [MainThread]: Snowflake adapter: Setting snowflake.connector to ERROR (file logging only)
[0m22:22:20.008027 [debug] [MainThread]: Snowflake adapter: Setting botocore to ERROR (file logging only)
[0m22:22:20.008641 [debug] [MainThread]: Snowflake adapter: Setting boto3 to ERROR (file logging only)
[0m22:22:23.148719 [debug] [MainThread]: Sending event: {'category': 'dbt', 'action': 'project_id', 'label': '0da55ce2-c3c5-4aff-be48-b86e9ea9cb87', 'context': [<snowplow_tracker.self_describing_json.SelfDescribingJson object at 0x0000024587C4C640>]}
[0m22:22:23.227434 [debug] [MainThread]: Sending event: {'category': 'dbt', 'action': 'adapter_info', 'label': '0da55ce2-c3c5-4aff-be48-b86e9ea9cb87', 'context': [<snowplow_tracker.self_describing_json.SelfDescribingJson object at 0x0000024580FCC5A0>]}
[0m22:22:23.229097 [info ] [MainThread]: Registered adapter: snowflake=1.12.0
[0m22:22:23.762259 [debug] [MainThread]: checksum: e2b009bdcd63f6a60a6dac58a2fb29818fa8d66ceac39f6312dc6f7f86b2acaf, vars: {}, profile: snowflake_dbt_project, target: dev, version: 1.12.0
[0m22:22:23.763234 [info ] [MainThread]: Unable to do partial parsing because saved manifest not found. Starting full parse.
[0m22:22:23.763685 [debug] [MainThread]: Sending event: {'category': 'dbt', 'action': 'partial_parser', 'label': '0da55ce2-c3c5-4aff-be48-b86e9ea9cb87', 'context': [<snowplow_tracker.self_describing_json.SelfDescribingJson object at 0x0000024587C2D250>]}
[0m22:22:26.781377 [warn ] [MainThread]: [[33mWARNING[0m]: Configuration paths exist in your dbt_project.yml file which do not apply to any resources.
There are 1 unused configuration paths:
- models.snowflake_dbt_project.marts
[0m22:22:26.785282 [debug] [MainThread]: Sending event: {'category': 'dbt', 'action': 'load_project', 'label': '0da55ce2-c3c5-4aff-be48-b86e9ea9cb87', 'context': [<snowplow_tracker.self_describing_json.SelfDescribingJson object at 0x00000245896D7110>]}
[0m22:22:26.899891 [debug] [MainThread]: Wrote artifact WritableManifest to E:\snowflake - dbt project\snowflake_dbt_project\target\manifest.json
[0m22:22:26.917365 [debug] [MainThread]: Wrote artifact SemanticManifest to E:\snowflake - dbt project\snowflake_dbt_project\target\semantic_manifest.json
[0m22:22:26.955528 [debug] [MainThread]: Wrote artifact OsiDocument to E:\snowflake - dbt project\snowflake_dbt_project\target\osi_document.json
[0m22:22:26.972624 [debug] [MainThread]: Sending event: {'category': 'dbt', 'action': 'resource_counts', 'label': '0da55ce2-c3c5-4aff-be48-b86e9ea9cb87', 'context': [<snowplow_tracker.self_describing_json.SelfDescribingJson object at 0x0000024589855E10>]}
[0m22:22:26.973228 [info ] [MainThread]: Found 6 models, 4 data tests, 4 sources, 545 macros
[0m22:22:26.973830 [debug] [MainThread]: Sending event: {'category': 'dbt', 'action': 'runnable_timing', 'label': '0da55ce2-c3c5-4aff-be48-b86e9ea9cb87', 'context': [<snowplow_tracker.self_describing_json.SelfDescribingJson object at 0x00000245898D21A0>]}
[0m22:22:26.975979 [info ] [MainThread]: 
[0m22:22:26.976424 [info ] [MainThread]: Concurrency: 4 threads (target='dev')
[0m22:22:26.976792 [info ] [MainThread]: 
[0m22:22:26.977317 [debug] [MainThread]: Acquiring new snowflake connection 'master'
[0m22:22:26.981909 [debug] [ThreadPool]: Acquiring new snowflake connection 'list_finance_db'
[0m22:22:27.000770 [debug] [ThreadPool]: Using snowflake connection "list_finance_db"
[0m22:22:27.001221 [debug] [ThreadPool]: On list_finance_db: show terse schemas in database finance_db
    limit 10000
/* {"app": "dbt", "dbt_version": "1.12.0", "profile_name": "snowflake_dbt_project", "target_name": "dev", "connection_name": "list_finance_db"} */
[0m22:22:27.001554 [debug] [ThreadPool]: Opening a new connection, currently in state init
[0m22:22:30.050451 [debug] [ThreadPool]: SQL status: SUCCESS 3 in 3.049 seconds
[0m22:22:30.056077 [debug] [ThreadPool]: Acquiring new snowflake connection 'list_finance_db_raw'
[0m22:22:30.072627 [debug] [ThreadPool]: Using snowflake connection "list_finance_db_raw"
[0m22:22:30.073144 [debug] [ThreadPool]: On list_finance_db_raw: show objects in finance_db.raw
    limit 10000
    

/* {"app": "dbt", "dbt_version": "1.12.0", "profile_name": "snowflake_dbt_project", "target_name": "dev", "connection_name": "list_finance_db_raw"} */;
[0m22:22:30.073488 [debug] [ThreadPool]: Opening a new connection, currently in state init
[0m22:22:31.575173 [debug] [ThreadPool]: SQL status: SUCCESS 4 in 1.501 seconds
[0m22:22:31.581278 [debug] [ThreadPool]: Using snowflake connection "list_finance_db_raw"
[0m22:22:31.581644 [debug] [ThreadPool]: On list_finance_db_raw: show user functions in finance_db.raw
/* {"app": "dbt", "dbt_version": "1.12.0", "profile_name": "snowflake_dbt_project", "target_name": "dev", "connection_name": "list_finance_db_raw"} */
[0m22:22:31.788547 [debug] [ThreadPool]: SQL status: SUCCESS 0 in 0.207 seconds
[0m22:22:31.791977 [debug] [MainThread]: Sending event: {'category': 'dbt', 'action': 'runnable_timing', 'label': '0da55ce2-c3c5-4aff-be48-b86e9ea9cb87', 'context': [<snowplow_tracker.self_describing_json.SelfDescribingJson object at 0x00000245897FE450>]}
[0m22:22:31.824709 [debug] [Thread-2 (]: Began running node model.snowflake_dbt_project.my_first_dbt_model
[0m22:22:31.825291 [info ] [Thread-2 (]: 1 of 2 START sql table model raw.my_first_dbt_model ............................ [RUN]
[0m22:22:31.826019 [debug] [Thread-2 (]: Acquiring new snowflake connection 'model.snowflake_dbt_project.my_first_dbt_model'
[0m22:22:31.826363 [debug] [Thread-2 (]: Began compiling node model.snowflake_dbt_project.my_first_dbt_model
[0m22:22:31.833156 [debug] [Thread-2 (]: Writing injected SQL for node "model.snowflake_dbt_project.my_first_dbt_model"
[0m22:22:31.835529 [debug] [Thread-2 (]: Began executing node model.snowflake_dbt_project.my_first_dbt_model
[0m22:22:31.870918 [debug] [Thread-2 (]: Writing runtime sql for node "model.snowflake_dbt_project.my_first_dbt_model"
[0m22:22:31.873985 [debug] [Thread-2 (]: Using snowflake connection "model.snowflake_dbt_project.my_first_dbt_model"
[0m22:22:31.874589 [debug] [Thread-2 (]: On model.snowflake_dbt_project.my_first_dbt_model: create or replace transient table finance_db.raw.my_first_dbt_model
    
    
    
    
    

    as (/*
    Welcome to your first dbt model!
    Did you know that you can also configure models directly within SQL files?
    This will override configurations stated in dbt_project.yml

    Try changing "table" to "view" below
*/



with source_data as (

    select 1 as id
    union all
    select null as id

)

select *
from source_data

/*
    Uncomment the line below to remove records with null `id` values
*/

-- where id is not null
    )

/* {"app": "dbt", "dbt_version": "1.12.0", "profile_name": "snowflake_dbt_project", "target_name": "dev", "node_id": "model.snowflake_dbt_project.my_first_dbt_model"} */;
[0m22:22:31.874988 [debug] [Thread-2 (]: Opening a new connection, currently in state init
[0m22:22:33.746071 [debug] [Thread-2 (]: SQL status: SUCCESS 2 in 1.871 seconds
[0m22:22:33.786058 [debug] [Thread-2 (]: Sending event: {'category': 'dbt', 'action': 'run_model', 'label': '0da55ce2-c3c5-4aff-be48-b86e9ea9cb87', 'context': [<snowplow_tracker.self_describing_json.SelfDescribingJson object at 0x0000024583C70100>]}
[0m22:22:33.786723 [info ] [Thread-2 (]: 1 of 2 OK created sql table model raw.my_first_dbt_model ....................... [[32mSUCCESS 2[0m in 1.96s]
[0m22:22:33.787526 [debug] [Thread-2 (]: Finished running node model.snowflake_dbt_project.my_first_dbt_model
[0m22:22:33.788302 [debug] [Thread-3 (]: Began running node model.snowflake_dbt_project.my_second_dbt_model
[0m22:22:33.788757 [info ] [Thread-3 (]: 2 of 2 START sql view model raw.my_second_dbt_model ............................ [RUN]
[0m22:22:33.789583 [debug] [Thread-3 (]: Acquiring new snowflake connection 'model.snowflake_dbt_project.my_second_dbt_model'
[0m22:22:33.789951 [debug] [Thread-3 (]: Began compiling node model.snowflake_dbt_project.my_second_dbt_model
[0m22:22:33.791596 [debug] [Thread-3 (]: Writing injected SQL for node "model.snowflake_dbt_project.my_second_dbt_model"
[0m22:22:33.792496 [debug] [Thread-3 (]: Began executing node model.snowflake_dbt_project.my_second_dbt_model
[0m22:22:33.815922 [debug] [Thread-3 (]: Writing runtime sql for node "model.snowflake_dbt_project.my_second_dbt_model"
[0m22:22:33.817191 [debug] [Thread-3 (]: Using snowflake connection "model.snowflake_dbt_project.my_second_dbt_model"
[0m22:22:33.817758 [debug] [Thread-3 (]: On model.snowflake_dbt_project.my_second_dbt_model: create or replace   view finance_db.raw.my_second_dbt_model
  
  
  
  
  as (
    -- Use the `ref` function to select from other models

select *
from finance_db.raw.my_first_dbt_model
where id = 1
  )
/* {"app": "dbt", "dbt_version": "1.12.0", "profile_name": "snowflake_dbt_project", "target_name": "dev", "node_id": "model.snowflake_dbt_project.my_second_dbt_model"} */;
[0m22:22:33.818247 [debug] [Thread-3 (]: Opening a new connection, currently in state init
[0m22:22:34.895510 [debug] [Thread-3 (]: SQL status: SUCCESS 1 in 1.077 seconds
[0m22:22:34.900042 [debug] [Thread-3 (]: Sending event: {'category': 'dbt', 'action': 'run_model', 'label': '0da55ce2-c3c5-4aff-be48-b86e9ea9cb87', 'context': [<snowplow_tracker.self_describing_json.SelfDescribingJson object at 0x0000024589ABF4D0>]}
[0m22:22:34.901162 [info ] [Thread-3 (]: 2 of 2 OK created sql view model raw.my_second_dbt_model ....................... [[32mSUCCESS 1[0m in 1.11s]
[0m22:22:34.902236 [debug] [Thread-3 (]: Finished running node model.snowflake_dbt_project.my_second_dbt_model
[0m22:22:34.904208 [debug] [MainThread]: Connection 'master' was properly closed.
[0m22:22:34.904641 [debug] [MainThread]: Connection 'list_finance_db' was left open.
[0m22:22:34.905108 [debug] [MainThread]: On list_finance_db: Close
[0m22:22:35.332819 [debug] [MainThread]: Connection 'list_finance_db_raw' was left open.
[0m22:22:35.333281 [debug] [MainThread]: On list_finance_db_raw: Close
[0m22:22:35.719959 [debug] [MainThread]: Connection 'model.snowflake_dbt_project.my_first_dbt_model' was left open.
[0m22:22:35.720731 [debug] [MainThread]: On model.snowflake_dbt_project.my_first_dbt_model: Close
[0m22:22:36.081799 [debug] [MainThread]: Connection 'model.snowflake_dbt_project.my_second_dbt_model' was left open.
[0m22:22:36.082208 [debug] [MainThread]: On model.snowflake_dbt_project.my_second_dbt_model: Close
[0m22:22:36.452723 [info ] [MainThread]: 
[0m22:22:36.453222 [info ] [MainThread]: Finished running 1 table model, 1 view model in 0 hours 0 minutes and 9.48 seconds (9.48s).
[0m22:22:36.454126 [debug] [MainThread]: Command end result
[0m22:22:36.493117 [debug] [MainThread]: Wrote artifact WritableManifest to E:\snowflake - dbt project\snowflake_dbt_project\target\manifest.json
[0m22:22:36.496348 [debug] [MainThread]: Wrote artifact SemanticManifest to E:\snowflake - dbt project\snowflake_dbt_project\target\semantic_manifest.json
[0m22:22:36.499709 [debug] [MainThread]: Wrote artifact OsiDocument to E:\snowflake - dbt project\snowflake_dbt_project\target\osi_document.json
[0m22:22:36.506841 [debug] [MainThread]: Wrote artifact RunExecutionResult to E:\snowflake - dbt project\snowflake_dbt_project\target\run_results.json
[0m22:22:36.507222 [info ] [MainThread]: 
[0m22:22:36.507730 [info ] [MainThread]: [32mCompleted successfully[0m
[0m22:22:36.508152 [info ] [MainThread]: 
[0m22:22:36.508580 [info ] [MainThread]: Done. PASS=2 WARN=0 ERROR=0 SKIP=0 NO-OP=0 REUSED=0 TOTAL=2
[0m22:22:36.509321 [debug] [MainThread]: Command `dbt run` succeeded at 22:22:36.509193 after 17.90 seconds
[0m22:22:36.509669 [debug] [MainThread]: Sending event: {'category': 'dbt', 'action': 'invocation', 'label': 'end', 'context': [<snowplow_tracker.self_describing_json.SelfDescribingJson object at 0x00000245899D6250>, <snowplow_tracker.self_describing_json.SelfDescribingJson object at 0x000002458948C3D0>, <snowplow_tracker.self_describing_json.SelfDescribingJson object at 0x000002458609AB30>]}
[0m22:22:36.510017 [debug] [MainThread]: Flushing usage events
[0m22:22:37.465556 [debug] [MainThread]: An error was encountered while trying to flush usage events
[0m22:27:30.130419 [debug] [MainThread]: Sending event: {'category': 'dbt', 'action': 'invocation', 'label': 'start', 'context': [<snowplow_tracker.self_describing_json.SelfDescribingJson object at 0x00000289D01A0590>, <snowplow_tracker.self_describing_json.SelfDescribingJson object at 0x00000289CD700B90>, <snowplow_tracker.self_describing_json.SelfDescribingJson object at 0x00000289D27379D0>]}


============================== 22:27:30.134673 | 8dd5d58a-6d7e-4788-b97a-c46a621e21cf ==============================
[0m22:27:30.134673 [info ] [MainThread]: Running with dbt=1.12.0
[0m22:27:30.135280 [debug] [MainThread]: running dbt with arguments {'version_check': 'True', 'no_print': 'None', 'maximum_seed_size_mib': '1', 'warn_error_options': 'WarnErrorOptionsV2(error=[], warn=[], silence=[])', 'target_path': 'None', 'static_parser': 'True', 'printer_width': '80', 'write_json': 'True', 'empty': 'False', 'log_cache_events': 'False', 'introspect': 'True', 'cache_selected_only': 'False', 'log_format': 'default', 'debug': 'False', 'fail_fast': 'False', 'partial_parse': 'True', 'send_anonymous_usage_stats': 'True', 'quiet': 'False', 'warn_error': 'None', 'profiles_dir': 'C:\\Users\\hamad\\.dbt', 'invocation_command': 'dbt run', 'hints_enabled': 'True', 'use_colors': 'True', 'use_experimental_parser': 'False', 'indirect_selection': 'eager', 'log_path': 'E:\\snowflake - dbt project\\snowflake_dbt_project\\logs'}
[0m22:27:30.564054 [debug] [MainThread]: Snowflake adapter: Setting snowflake.connector to ERROR (file logging only)
[0m22:27:30.564661 [debug] [MainThread]: Snowflake adapter: Setting botocore to ERROR (file logging only)
[0m22:27:30.565283 [debug] [MainThread]: Snowflake adapter: Setting boto3 to ERROR (file logging only)
[0m22:27:30.850517 [debug] [MainThread]: Sending event: {'category': 'dbt', 'action': 'project_id', 'label': '8dd5d58a-6d7e-4788-b97a-c46a621e21cf', 'context': [<snowplow_tracker.self_describing_json.SelfDescribingJson object at 0x00000289D42C8640>]}
[0m22:27:30.930264 [debug] [MainThread]: Sending event: {'category': 'dbt', 'action': 'adapter_info', 'label': '8dd5d58a-6d7e-4788-b97a-c46a621e21cf', 'context': [<snowplow_tracker.self_describing_json.SelfDescribingJson object at 0x00000289CD6645A0>]}
[0m22:27:30.931730 [info ] [MainThread]: Registered adapter: snowflake=1.12.0
[0m22:27:31.266454 [debug] [MainThread]: checksum: e2b009bdcd63f6a60a6dac58a2fb29818fa8d66ceac39f6312dc6f7f86b2acaf, vars: {}, profile: snowflake_dbt_project, target: dev, version: 1.12.0
[0m22:27:31.438808 [debug] [MainThread]: Partial parsing enabled: 3 files deleted, 0 files added, 0 files changed.
[0m22:27:31.439391 [debug] [MainThread]: Partial parsing: deleted file: snowflake_dbt_project://models\example\my_second_dbt_model.sql
[0m22:27:31.439706 [debug] [MainThread]: Partial parsing: deleted file: snowflake_dbt_project://models\example\my_first_dbt_model.sql
[0m22:27:31.511638 [warn ] [MainThread]: [[33mWARNING[0m]: Configuration paths exist in your dbt_project.yml file which do not apply to any resources.
There are 1 unused configuration paths:
- models.snowflake_dbt_project.marts
[0m22:27:31.515859 [debug] [MainThread]: Sending event: {'category': 'dbt', 'action': 'load_project', 'label': '8dd5d58a-6d7e-4788-b97a-c46a621e21cf', 'context': [<snowplow_tracker.self_describing_json.SelfDescribingJson object at 0x00000289D5990B50>]}
[0m22:27:31.626386 [debug] [MainThread]: Wrote artifact WritableManifest to E:\snowflake - dbt project\snowflake_dbt_project\target\manifest.json
[0m22:27:31.629625 [debug] [MainThread]: Wrote artifact SemanticManifest to E:\snowflake - dbt project\snowflake_dbt_project\target\semantic_manifest.json
[0m22:27:31.657634 [debug] [MainThread]: Wrote artifact OsiDocument to E:\snowflake - dbt project\snowflake_dbt_project\target\osi_document.json
[0m22:27:31.668826 [debug] [MainThread]: Sending event: {'category': 'dbt', 'action': 'resource_counts', 'label': '8dd5d58a-6d7e-4788-b97a-c46a621e21cf', 'context': [<snowplow_tracker.self_describing_json.SelfDescribingJson object at 0x00000289D5ABDD60>]}
[0m22:27:31.669357 [info ] [MainThread]: Found 4 models, 4 sources, 545 macros
[0m22:27:31.669967 [debug] [MainThread]: Sending event: {'category': 'dbt', 'action': 'runnable_timing', 'label': '8dd5d58a-6d7e-4788-b97a-c46a621e21cf', 'context': [<snowplow_tracker.self_describing_json.SelfDescribingJson object at 0x00000289D5AF9390>]}
[0m22:27:31.672158 [warn ] [MainThread]: [[33mWARNING[0m]: Nothing to do. Try checking your model configs and model specification args
[0m22:27:31.674408 [debug] [MainThread]: Command end result
[0m22:27:31.716424 [debug] [MainThread]: Wrote artifact WritableManifest to E:\snowflake - dbt project\snowflake_dbt_project\target\manifest.json
[0m22:27:31.720157 [debug] [MainThread]: Wrote artifact SemanticManifest to E:\snowflake - dbt project\snowflake_dbt_project\target\semantic_manifest.json
[0m22:27:31.723500 [debug] [MainThread]: Wrote artifact OsiDocument to E:\snowflake - dbt project\snowflake_dbt_project\target\osi_document.json
[0m22:27:31.728140 [debug] [MainThread]: Wrote artifact RunExecutionResult to E:\snowflake - dbt project\snowflake_dbt_project\target\run_results.json
[0m22:27:31.729086 [debug] [MainThread]: Command `dbt run` succeeded at 22:27:31.728951 after 1.81 seconds
[0m22:27:31.729516 [debug] [MainThread]: Sending event: {'category': 'dbt', 'action': 'invocation', 'label': 'end', 'context': [<snowplow_tracker.self_describing_json.SelfDescribingJson object at 0x00000289D250BEE0>, <snowplow_tracker.self_describing_json.SelfDescribingJson object at 0x00000289D5AD0890>, <snowplow_tracker.self_describing_json.SelfDescribingJson object at 0x00000289D5AD0C50>]}
[0m22:27:31.729879 [debug] [MainThread]: Flushing usage events
[0m22:27:32.546074 [debug] [MainThread]: An error was encountered while trying to flush usage events
[0m22:29:53.379049 [debug] [MainThread]: Sending event: {'category': 'dbt', 'action': 'invocation', 'label': 'start', 'context': [<snowplow_tracker.self_describing_json.SelfDescribingJson object at 0x000001B14B2EC590>, <snowplow_tracker.self_describing_json.SelfDescribingJson object at 0x000001B148850B90>, <snowplow_tracker.self_describing_json.SelfDescribingJson object at 0x000001B14D877C50>]}


============================== 22:29:53.386290 | 4ba43a5a-1a81-4b5b-87cb-15a8e7aef558 ==============================
[0m22:29:53.386290 [info ] [MainThread]: Running with dbt=1.12.0
[0m22:29:53.386903 [debug] [MainThread]: running dbt with arguments {'static_parser': 'True', 'no_print': 'None', 'maximum_seed_size_mib': '1', 'warn_error_options': 'WarnErrorOptionsV2(error=[], warn=[], silence=[])', 'version_check': 'True', 'target_path': 'None', 'printer_width': '80', 'write_json': 'True', 'introspect': 'True', 'log_cache_events': 'False', 'empty': 'False', 'cache_selected_only': 'False', 'log_format': 'default', 'debug': 'False', 'fail_fast': 'False', 'partial_parse': 'True', 'send_anonymous_usage_stats': 'True', 'quiet': 'False', 'warn_error': 'None', 'profiles_dir': 'C:\\Users\\hamad\\.dbt', 'use_colors': 'True', 'hints_enabled': 'True', 'invocation_command': 'dbt run', 'use_experimental_parser': 'False', 'indirect_selection': 'eager', 'log_path': 'E:\\snowflake - dbt project\\snowflake_dbt_project\\logs'}
[0m22:29:54.156404 [debug] [MainThread]: Snowflake adapter: Setting snowflake.connector to ERROR (file logging only)
[0m22:29:54.157057 [debug] [MainThread]: Snowflake adapter: Setting botocore to ERROR (file logging only)
[0m22:29:54.158372 [debug] [MainThread]: Snowflake adapter: Setting boto3 to ERROR (file logging only)
[0m22:29:54.471433 [debug] [MainThread]: Sending event: {'category': 'dbt', 'action': 'project_id', 'label': '4ba43a5a-1a81-4b5b-87cb-15a8e7aef558', 'context': [<snowplow_tracker.self_describing_json.SelfDescribingJson object at 0x000001B14F3D0640>]}
[0m22:29:54.568888 [debug] [MainThread]: Sending event: {'category': 'dbt', 'action': 'adapter_info', 'label': '4ba43a5a-1a81-4b5b-87cb-15a8e7aef558', 'context': [<snowplow_tracker.self_describing_json.SelfDescribingJson object at 0x000001B1487CC490>]}
[0m22:29:54.570530 [info ] [MainThread]: Registered adapter: snowflake=1.12.0
[0m22:29:54.949260 [debug] [MainThread]: checksum: e2b009bdcd63f6a60a6dac58a2fb29818fa8d66ceac39f6312dc6f7f86b2acaf, vars: {}, profile: snowflake_dbt_project, target: dev, version: 1.12.0
[0m22:29:55.141632 [debug] [MainThread]: Partial parsing enabled: 0 files deleted, 0 files added, 0 files changed.
[0m22:29:55.142124 [debug] [MainThread]: Nothing changed, skipping partial parsing.
[0m22:29:55.142432 [debug] [MainThread]: Partial parsing enabled, no changes found, skipping parsing
[0m22:29:55.148103 [warn ] [MainThread]: [[33mWARNING[0m]: Configuration paths exist in your dbt_project.yml file which do not apply to any resources.
There are 1 unused configuration paths:
- models.snowflake_dbt_project.marts
[0m22:29:55.153138 [debug] [MainThread]: Sending event: {'category': 'dbt', 'action': 'load_project', 'label': '4ba43a5a-1a81-4b5b-87cb-15a8e7aef558', 'context': [<snowplow_tracker.self_describing_json.SelfDescribingJson object at 0x000001B150A95750>]}
[0m22:29:55.286315 [debug] [MainThread]: Wrote artifact WritableManifest to E:\snowflake - dbt project\snowflake_dbt_project\target\manifest.json
[0m22:29:55.290494 [debug] [MainThread]: Wrote artifact SemanticManifest to E:\snowflake - dbt project\snowflake_dbt_project\target\semantic_manifest.json
[0m22:29:55.337065 [debug] [MainThread]: Wrote artifact OsiDocument to E:\snowflake - dbt project\snowflake_dbt_project\target\osi_document.json
[0m22:29:55.356479 [debug] [MainThread]: Sending event: {'category': 'dbt', 'action': 'resource_counts', 'label': '4ba43a5a-1a81-4b5b-87cb-15a8e7aef558', 'context': [<snowplow_tracker.self_describing_json.SelfDescribingJson object at 0x000001B150B75C70>]}
[0m22:29:55.357221 [info ] [MainThread]: Found 4 models, 4 sources, 545 macros
[0m22:29:55.358326 [debug] [MainThread]: Sending event: {'category': 'dbt', 'action': 'runnable_timing', 'label': '4ba43a5a-1a81-4b5b-87cb-15a8e7aef558', 'context': [<snowplow_tracker.self_describing_json.SelfDescribingJson object at 0x000001B150BA4F30>]}
[0m22:29:55.361245 [warn ] [MainThread]: [[33mWARNING[0m]: Nothing to do. Try checking your model configs and model specification args
[0m22:29:55.363486 [debug] [MainThread]: Command end result
[0m22:29:55.406082 [debug] [MainThread]: Wrote artifact WritableManifest to E:\snowflake - dbt project\snowflake_dbt_project\target\manifest.json
[0m22:29:55.409976 [debug] [MainThread]: Wrote artifact SemanticManifest to E:\snowflake - dbt project\snowflake_dbt_project\target\semantic_manifest.json
[0m22:29:55.413078 [debug] [MainThread]: Wrote artifact OsiDocument to E:\snowflake - dbt project\snowflake_dbt_project\target\osi_document.json
[0m22:29:55.418128 [debug] [MainThread]: Wrote artifact RunExecutionResult to E:\snowflake - dbt project\snowflake_dbt_project\target\run_results.json
[0m22:29:55.419219 [debug] [MainThread]: Command `dbt run` succeeded at 22:29:55.419071 after 2.27 seconds
[0m22:29:55.419671 [debug] [MainThread]: Sending event: {'category': 'dbt', 'action': 'invocation', 'label': 'end', 'context': [<snowplow_tracker.self_describing_json.SelfDescribingJson object at 0x000001B14BBF4870>, <snowplow_tracker.self_describing_json.SelfDescribingJson object at 0x000001B150A13C50>, <snowplow_tracker.self_describing_json.SelfDescribingJson object at 0x000001B150A13DD0>]}
[0m22:29:55.420079 [debug] [MainThread]: Flushing usage events
[0m22:29:56.239613 [debug] [MainThread]: An error was encountered while trying to flush usage events
[0m22:31:20.085815 [debug] [MainThread]: Sending event: {'category': 'dbt', 'action': 'invocation', 'label': 'start', 'context': [<snowplow_tracker.self_describing_json.SelfDescribingJson object at 0x00000199CC2D8590>, <snowplow_tracker.self_describing_json.SelfDescribingJson object at 0x00000199C9830B90>, <snowplow_tracker.self_describing_json.SelfDescribingJson object at 0x00000199CE7EBB10>]}


============================== 22:31:20.093275 | 05aab6c6-9aba-49d7-bd08-daaf3cd21c3a ==============================
[0m22:31:20.093275 [info ] [MainThread]: Running with dbt=1.12.0
[0m22:31:20.093978 [debug] [MainThread]: running dbt with arguments {'maximum_seed_size_mib': '1', 'no_print': 'None', 'static_parser': 'True', 'warn_error_options': 'WarnErrorOptionsV2(error=[], warn=[], silence=[])', 'version_check': 'True', 'target_path': 'None', 'printer_width': '80', 'write_json': 'True', 'introspect': 'True', 'log_cache_events': 'False', 'empty': 'None', 'cache_selected_only': 'False', 'log_format': 'default', 'debug': 'False', 'fail_fast': 'False', 'profiles_dir': 'C:\\Users\\hamad\\.dbt', 'send_anonymous_usage_stats': 'True', 'quiet': 'False', 'warn_error': 'None', 'partial_parse': 'True', 'use_colors': 'True', 'hints_enabled': 'True', 'invocation_command': 'dbt ls', 'use_experimental_parser': 'False', 'indirect_selection': 'eager', 'log_path': 'E:\\snowflake - dbt project\\snowflake_dbt_project\\logs'}
[0m22:31:21.045687 [debug] [MainThread]: Snowflake adapter: Setting snowflake.connector to ERROR (file logging only)
[0m22:31:21.046204 [debug] [MainThread]: Snowflake adapter: Setting botocore to ERROR (file logging only)
[0m22:31:21.046917 [debug] [MainThread]: Snowflake adapter: Setting boto3 to ERROR (file logging only)
[0m22:31:21.379047 [debug] [MainThread]: Sending event: {'category': 'dbt', 'action': 'project_id', 'label': '05aab6c6-9aba-49d7-bd08-daaf3cd21c3a', 'context': [<snowplow_tracker.self_describing_json.SelfDescribingJson object at 0x00000199D00FAB10>]}
[0m22:31:21.480305 [debug] [MainThread]: Sending event: {'category': 'dbt', 'action': 'adapter_info', 'label': '05aab6c6-9aba-49d7-bd08-daaf3cd21c3a', 'context': [<snowplow_tracker.self_describing_json.SelfDescribingJson object at 0x00000199D043FCE0>]}
[0m22:31:21.483607 [info ] [MainThread]: Registered adapter: snowflake=1.12.0
[0m22:31:21.945979 [debug] [MainThread]: checksum: e2b009bdcd63f6a60a6dac58a2fb29818fa8d66ceac39f6312dc6f7f86b2acaf, vars: {}, profile: snowflake_dbt_project, target: dev, version: 1.12.0
[0m22:31:22.153373 [debug] [MainThread]: Partial parsing enabled: 0 files deleted, 0 files added, 4 files changed.
[0m22:31:22.153977 [debug] [MainThread]: Partial parsing: updated file: snowflake_dbt_project://models\staging\stg_orders.sql
[0m22:31:22.154399 [debug] [MainThread]: Partial parsing: updated file: snowflake_dbt_project://models\staging\stg_order_items.sql
[0m22:31:22.154766 [debug] [MainThread]: Partial parsing: updated file: snowflake_dbt_project://models\staging\stg_customers.sql
[0m22:31:22.155249 [debug] [MainThread]: Partial parsing: updated file: snowflake_dbt_project://models\staging\stg_products.sql
[0m22:31:22.559098 [warn ] [MainThread]: [[33mWARNING[0m]: Configuration paths exist in your dbt_project.yml file which do not apply to any resources.
There are 1 unused configuration paths:
- models.snowflake_dbt_project.marts
[0m22:31:22.563063 [debug] [MainThread]: Sending event: {'category': 'dbt', 'action': 'load_project', 'label': '05aab6c6-9aba-49d7-bd08-daaf3cd21c3a', 'context': [<snowplow_tracker.self_describing_json.SelfDescribingJson object at 0x00000199D085EF50>]}
[0m22:31:22.674548 [debug] [MainThread]: Wrote artifact WritableManifest to E:\snowflake - dbt project\snowflake_dbt_project\target\manifest.json
[0m22:31:22.679815 [debug] [MainThread]: Wrote artifact SemanticManifest to E:\snowflake - dbt project\snowflake_dbt_project\target\semantic_manifest.json
[0m22:31:22.718814 [debug] [MainThread]: Wrote artifact OsiDocument to E:\snowflake - dbt project\snowflake_dbt_project\target\osi_document.json
[0m22:31:22.749430 [debug] [MainThread]: Sending event: {'category': 'dbt', 'action': 'resource_counts', 'label': '05aab6c6-9aba-49d7-bd08-daaf3cd21c3a', 'context': [<snowplow_tracker.self_describing_json.SelfDescribingJson object at 0x00000199D1CDED50>]}
[0m22:31:22.749994 [info ] [MainThread]: Found 4 models, 4 sources, 545 macros
[0m22:31:22.750386 [debug] [MainThread]: Sending event: {'category': 'dbt', 'action': 'runnable_timing', 'label': '05aab6c6-9aba-49d7-bd08-daaf3cd21c3a', 'context': [<snowplow_tracker.self_describing_json.SelfDescribingJson object at 0x00000199D1D0FAF0>]}
[0m22:31:22.751680 [info ] [MainThread]: snowflake_dbt_project.staging.stg_customers
[0m22:31:22.752078 [info ] [MainThread]: snowflake_dbt_project.staging.stg_order_items
[0m22:31:22.752406 [info ] [MainThread]: snowflake_dbt_project.staging.stg_orders
[0m22:31:22.752750 [info ] [MainThread]: snowflake_dbt_project.staging.stg_products
[0m22:31:22.753080 [info ] [MainThread]: source:snowflake_dbt_project.raw_data.customers
[0m22:31:22.753397 [info ] [MainThread]: source:snowflake_dbt_project.raw_data.order_items
[0m22:31:22.754296 [info ] [MainThread]: source:snowflake_dbt_project.raw_data.orders
[0m22:31:22.754605 [info ] [MainThread]: source:snowflake_dbt_project.raw_data.products
[0m22:31:22.755768 [debug] [MainThread]: Command `dbt ls` succeeded at 22:31:22.755468 after 3.00 seconds
[0m22:31:22.756612 [debug] [MainThread]: Sending event: {'category': 'dbt', 'action': 'invocation', 'label': 'end', 'context': [<snowplow_tracker.self_describing_json.SelfDescribingJson object at 0x00000199CE675160>, <snowplow_tracker.self_describing_json.SelfDescribingJson object at 0x00000199D19A7E90>, <snowplow_tracker.self_describing_json.SelfDescribingJson object at 0x00000199D19A7290>]}
[0m22:31:22.757095 [debug] [MainThread]: Flushing usage events
[0m22:31:24.156946 [debug] [MainThread]: An error was encountered while trying to flush usage events
[0m22:32:55.915227 [debug] [MainThread]: Sending event: {'category': 'dbt', 'action': 'invocation', 'label': 'start', 'context': [<snowplow_tracker.self_describing_json.SelfDescribingJson object at 0x000002413B828590>, <snowplow_tracker.self_describing_json.SelfDescribingJson object at 0x0000024138D90B90>, <snowplow_tracker.self_describing_json.SelfDescribingJson object at 0x000002413DDB7C50>]}


============================== 22:32:55.919440 | 820c8c7d-edda-4ea8-93be-6adbeafc8326 ==============================
[0m22:32:55.919440 [info ] [MainThread]: Running with dbt=1.12.0
[0m22:32:55.920123 [debug] [MainThread]: running dbt with arguments {'static_parser': 'True', 'no_print': 'None', 'version_check': 'True', 'target_path': 'None', 'maximum_seed_size_mib': '1', 'warn_error_options': 'WarnErrorOptionsV2(error=[], warn=[], silence=[])', 'printer_width': '80', 'write_json': 'True', 'introspect': 'True', 'log_cache_events': 'False', 'empty': 'False', 'cache_selected_only': 'False', 'fail_fast': 'False', 'debug': 'False', 'log_format': 'default', 'partial_parse': 'True', 'send_anonymous_usage_stats': 'True', 'quiet': 'False', 'warn_error': 'None', 'profiles_dir': 'C:\\Users\\hamad\\.dbt', 'invocation_command': 'dbt run --select staging.*', 'hints_enabled': 'True', 'indirect_selection': 'eager', 'use_experimental_parser': 'False', 'use_colors': 'True', 'log_path': 'E:\\snowflake - dbt project\\snowflake_dbt_project\\logs'}
[0m22:32:56.408308 [debug] [MainThread]: Snowflake adapter: Setting snowflake.connector to ERROR (file logging only)
[0m22:32:56.408806 [debug] [MainThread]: Snowflake adapter: Setting botocore to ERROR (file logging only)
[0m22:32:56.409402 [debug] [MainThread]: Snowflake adapter: Setting boto3 to ERROR (file logging only)
[0m22:32:56.706555 [debug] [MainThread]: Sending event: {'category': 'dbt', 'action': 'project_id', 'label': '820c8c7d-edda-4ea8-93be-6adbeafc8326', 'context': [<snowplow_tracker.self_describing_json.SelfDescribingJson object at 0x000002413F95C770>]}
[0m22:32:56.790056 [debug] [MainThread]: Sending event: {'category': 'dbt', 'action': 'adapter_info', 'label': '820c8c7d-edda-4ea8-93be-6adbeafc8326', 'context': [<snowplow_tracker.self_describing_json.SelfDescribingJson object at 0x0000024138D0C490>]}
[0m22:32:56.791522 [info ] [MainThread]: Registered adapter: snowflake=1.12.0
[0m22:32:57.168368 [debug] [MainThread]: checksum: e2b009bdcd63f6a60a6dac58a2fb29818fa8d66ceac39f6312dc6f7f86b2acaf, vars: {}, profile: snowflake_dbt_project, target: dev, version: 1.12.0
[0m22:32:57.328381 [debug] [MainThread]: Partial parsing enabled: 0 files deleted, 0 files added, 0 files changed.
[0m22:32:57.328988 [debug] [MainThread]: Nothing changed, skipping partial parsing.
[0m22:32:57.329588 [debug] [MainThread]: Partial parsing enabled, no changes found, skipping parsing
[0m22:32:57.335339 [warn ] [MainThread]: [[33mWARNING[0m]: Configuration paths exist in your dbt_project.yml file which do not apply to any resources.
There are 1 unused configuration paths:
- models.snowflake_dbt_project.marts
[0m22:32:57.340266 [debug] [MainThread]: Sending event: {'category': 'dbt', 'action': 'load_project', 'label': '820c8c7d-edda-4ea8-93be-6adbeafc8326', 'context': [<snowplow_tracker.self_describing_json.SelfDescribingJson object at 0x0000024141035750>]}
[0m22:32:57.468108 [debug] [MainThread]: Wrote artifact WritableManifest to E:\snowflake - dbt project\snowflake_dbt_project\target\manifest.json
[0m22:32:57.472156 [debug] [MainThread]: Wrote artifact SemanticManifest to E:\snowflake - dbt project\snowflake_dbt_project\target\semantic_manifest.json
[0m22:32:57.500578 [debug] [MainThread]: Wrote artifact OsiDocument to E:\snowflake - dbt project\snowflake_dbt_project\target\osi_document.json
[0m22:32:57.515684 [debug] [MainThread]: Sending event: {'category': 'dbt', 'action': 'resource_counts', 'label': '820c8c7d-edda-4ea8-93be-6adbeafc8326', 'context': [<snowplow_tracker.self_describing_json.SelfDescribingJson object at 0x0000024141105C70>]}
[0m22:32:57.516211 [info ] [MainThread]: Found 4 models, 4 sources, 545 macros
[0m22:32:57.516628 [debug] [MainThread]: Sending event: {'category': 'dbt', 'action': 'runnable_timing', 'label': '820c8c7d-edda-4ea8-93be-6adbeafc8326', 'context': [<snowplow_tracker.self_describing_json.SelfDescribingJson object at 0x0000024141145010>]}
[0m22:32:57.518983 [info ] [MainThread]: 
[0m22:32:57.519403 [info ] [MainThread]: Concurrency: 4 threads (target='dev')
[0m22:32:57.519777 [info ] [MainThread]: 
[0m22:32:57.520399 [debug] [MainThread]: Acquiring new snowflake connection 'master'
[0m22:32:57.525903 [debug] [ThreadPool]: Acquiring new snowflake connection 'list_finance_db'
[0m22:32:57.549458 [debug] [ThreadPool]: Using snowflake connection "list_finance_db"
[0m22:32:57.550209 [debug] [ThreadPool]: On list_finance_db: show terse schemas in database finance_db
    limit 10000
/* {"app": "dbt", "dbt_version": "1.12.0", "profile_name": "snowflake_dbt_project", "target_name": "dev", "connection_name": "list_finance_db"} */
[0m22:32:57.550687 [debug] [ThreadPool]: Opening a new connection, currently in state init
[0m22:33:00.023833 [debug] [ThreadPool]: SQL status: SUCCESS 3 in 2.473 seconds
[0m22:33:00.026641 [debug] [ThreadPool]: Acquiring new snowflake connection 'list_finance_db_raw'
[0m22:33:00.042111 [debug] [ThreadPool]: Using snowflake connection "list_finance_db_raw"
[0m22:33:00.042600 [debug] [ThreadPool]: On list_finance_db_raw: show objects in finance_db.raw
    limit 10000
    

/* {"app": "dbt", "dbt_version": "1.12.0", "profile_name": "snowflake_dbt_project", "target_name": "dev", "connection_name": "list_finance_db_raw"} */;
[0m22:33:00.042920 [debug] [ThreadPool]: Opening a new connection, currently in state init
[0m22:33:02.458176 [debug] [ThreadPool]: SQL status: SUCCESS 6 in 2.415 seconds
[0m22:33:02.464948 [debug] [ThreadPool]: Using snowflake connection "list_finance_db_raw"
[0m22:33:02.465347 [debug] [ThreadPool]: On list_finance_db_raw: show user functions in finance_db.raw
/* {"app": "dbt", "dbt_version": "1.12.0", "profile_name": "snowflake_dbt_project", "target_name": "dev", "connection_name": "list_finance_db_raw"} */
[0m22:33:02.761339 [debug] [ThreadPool]: SQL status: SUCCESS 0 in 0.296 seconds
[0m22:33:02.766761 [debug] [MainThread]: Sending event: {'category': 'dbt', 'action': 'runnable_timing', 'label': '820c8c7d-edda-4ea8-93be-6adbeafc8326', 'context': [<snowplow_tracker.self_describing_json.SelfDescribingJson object at 0x000002413F3FF5F0>]}
[0m22:33:02.776976 [debug] [Thread-3 (]: Began running node model.snowflake_dbt_project.stg_order_items
[0m22:33:02.778886 [debug] [Thread-4 (]: Began running node model.snowflake_dbt_project.stg_orders
[0m22:33:02.777958 [debug] [Thread-2 (]: Began running node model.snowflake_dbt_project.stg_customers
[0m22:33:02.777529 [debug] [Thread-5 (]: Began running node model.snowflake_dbt_project.stg_products
[0m22:33:02.778540 [info ] [Thread-3 (]: 2 of 4 START sql view model raw.stg_order_items ................................ [RUN]
[0m22:33:02.781983 [debug] [Thread-3 (]: Acquiring new snowflake connection 'model.snowflake_dbt_project.stg_order_items'
[0m22:33:02.782365 [debug] [Thread-3 (]: Began compiling node model.snowflake_dbt_project.stg_order_items
[0m22:33:02.780905 [info ] [Thread-2 (]: 1 of 4 START sql view model raw.stg_customers .................................. [RUN]
[0m22:33:02.789326 [debug] [Thread-2 (]: Acquiring new snowflake connection 'model.snowflake_dbt_project.stg_customers'
[0m22:33:02.789717 [debug] [Thread-2 (]: Began compiling node model.snowflake_dbt_project.stg_customers
[0m22:33:02.791149 [debug] [Thread-2 (]: Writing injected SQL for node "model.snowflake_dbt_project.stg_customers"
[0m22:33:02.788708 [debug] [Thread-3 (]: Writing injected SQL for node "model.snowflake_dbt_project.stg_order_items"
[0m22:33:02.781431 [info ] [Thread-5 (]: 4 of 4 START sql view model raw.stg_products ................................... [RUN]
[0m22:33:02.792044 [debug] [Thread-5 (]: Acquiring new snowflake connection 'model.snowflake_dbt_project.stg_products'
[0m22:33:02.792453 [debug] [Thread-5 (]: Began compiling node model.snowflake_dbt_project.stg_products
[0m22:33:02.793313 [debug] [Thread-5 (]: Writing injected SQL for node "model.snowflake_dbt_project.stg_products"
[0m22:33:02.780281 [info ] [Thread-4 (]: 3 of 4 START sql view model raw.stg_orders ..................................... [RUN]
[0m22:33:02.794365 [debug] [Thread-4 (]: Acquiring new snowflake connection 'model.snowflake_dbt_project.stg_orders'
[0m22:33:02.794736 [debug] [Thread-4 (]: Began compiling node model.snowflake_dbt_project.stg_orders
[0m22:33:02.796510 [debug] [Thread-4 (]: Writing injected SQL for node "model.snowflake_dbt_project.stg_orders"
[0m22:33:02.798032 [debug] [Thread-3 (]: Began executing node model.snowflake_dbt_project.stg_order_items
[0m22:33:02.813752 [debug] [Thread-5 (]: Began executing node model.snowflake_dbt_project.stg_products
[0m22:33:02.798758 [debug] [Thread-2 (]: Began executing node model.snowflake_dbt_project.stg_customers
[0m22:33:02.837209 [debug] [Thread-4 (]: Began executing node model.snowflake_dbt_project.stg_orders
[0m22:33:02.841869 [debug] [Thread-5 (]: Writing runtime sql for node "model.snowflake_dbt_project.stg_products"
[0m22:33:02.836735 [debug] [Thread-3 (]: Writing runtime sql for node "model.snowflake_dbt_project.stg_order_items"
[0m22:33:02.844210 [debug] [Thread-2 (]: Writing runtime sql for node "model.snowflake_dbt_project.stg_customers"
[0m22:33:02.846996 [debug] [Thread-4 (]: Writing runtime sql for node "model.snowflake_dbt_project.stg_orders"
[0m22:33:02.848915 [debug] [Thread-5 (]: Using snowflake connection "model.snowflake_dbt_project.stg_products"
[0m22:33:02.849450 [debug] [Thread-5 (]: On model.snowflake_dbt_project.stg_products: create or replace   view finance_db.raw.stg_products
  
  
  
  
  as (
    select 
id as propuct_id,
name as product_name,  
category as product_category,
price as product_price,
from {source('raw_data', 'products')}
  )
/* {"app": "dbt", "dbt_version": "1.12.0", "profile_name": "snowflake_dbt_project", "target_name": "dev", "node_id": "model.snowflake_dbt_project.stg_products"} */;
[0m22:33:02.849829 [debug] [Thread-5 (]: Opening a new connection, currently in state init
[0m22:33:02.852245 [debug] [Thread-3 (]: Using snowflake connection "model.snowflake_dbt_project.stg_order_items"
[0m22:33:02.852671 [debug] [Thread-3 (]: On model.snowflake_dbt_project.stg_order_items: create or replace   view finance_db.raw.stg_order_items
  
  
  
  
  as (
    select 
id as item_id,
order_id,
product_id,
quantity,
unit_price,
total_price = (quantity * unit_price)
from {source('raw_data', 'order_items')}
  )
/* {"app": "dbt", "dbt_version": "1.12.0", "profile_name": "snowflake_dbt_project", "target_name": "dev", "node_id": "model.snowflake_dbt_project.stg_order_items"} */;
[0m22:33:02.853028 [debug] [Thread-3 (]: Opening a new connection, currently in state init
[0m22:33:02.854648 [debug] [Thread-2 (]: Using snowflake connection "model.snowflake_dbt_project.stg_customers"
[0m22:33:02.855593 [debug] [Thread-2 (]: On model.snowflake_dbt_project.stg_customers: create or replace   view finance_db.raw.stg_customers
  
  
  
  
  as (
    select 
id as customer_id,
name as customer_name, 
email ,
country from {source('raw_data', 'customers')}
  )
/* {"app": "dbt", "dbt_version": "1.12.0", "profile_name": "snowflake_dbt_project", "target_name": "dev", "node_id": "model.snowflake_dbt_project.stg_customers"} */;
[0m22:33:02.856207 [debug] [Thread-2 (]: Opening a new connection, currently in state init
[0m22:33:02.853747 [debug] [Thread-4 (]: Using snowflake connection "model.snowflake_dbt_project.stg_orders"
[0m22:33:02.857355 [debug] [Thread-4 (]: On model.snowflake_dbt_project.stg_orders: create or replace   view finance_db.raw.stg_orders
  
  
  
  
  as (
    select 
id as order_id,
customer_id,
order_date,
status as order_status
from {source ('raw_data', 'orders')}
  )
/* {"app": "dbt", "dbt_version": "1.12.0", "profile_name": "snowflake_dbt_project", "target_name": "dev", "node_id": "model.snowflake_dbt_project.stg_orders"} */;
[0m22:33:02.857724 [debug] [Thread-4 (]: Opening a new connection, currently in state init
[0m22:33:04.906395 [debug] [Thread-2 (]: Snowflake adapter: Snowflake query id: 01c636f5-0202-ab47-001e-0377000f11b2
[0m22:33:04.906905 [debug] [Thread-2 (]: Snowflake adapter: Snowflake error: 001003 (42000): SQL compilation error:
syntax error line 11 at position 14 unexpected 'source'.
syntax error line 11 at position 45 unexpected '}'.
[0m22:33:04.940616 [debug] [Thread-2 (]: Database Error in model stg_customers (models\staging\stg_customers.sql)
  001003 (42000): SQL compilation error:
  syntax error line 11 at position 14 unexpected 'source'.
  syntax error line 11 at position 45 unexpected '}'.
  compiled code at target\run\snowflake_dbt_project\models\staging\stg_customers.sql
[0m22:33:04.942794 [debug] [Thread-2 (]: Sending event: {'category': 'dbt', 'action': 'run_model', 'label': '820c8c7d-edda-4ea8-93be-6adbeafc8326', 'context': [<snowplow_tracker.self_describing_json.SelfDescribingJson object at 0x0000024141291550>]}
[0m22:33:04.943424 [error] [Thread-2 (]: 1 of 4 ERROR creating sql view model raw.stg_customers ......................... [[31mERROR[0m in 2.15s]
[0m22:33:04.944033 [debug] [Thread-2 (]: Finished running node model.snowflake_dbt_project.stg_customers
[0m22:33:04.944829 [debug] [Thread-8 (]: Marking all children of 'model.snowflake_dbt_project.stg_customers' to be skipped because of status 'error'.  Reason: Database Error in model stg_customers (models\staging\stg_customers.sql)
  001003 (42000): SQL compilation error:
  syntax error line 11 at position 14 unexpected 'source'.
  syntax error line 11 at position 45 unexpected '}'.
  compiled code at target\run\snowflake_dbt_project\models\staging\stg_customers.sql.
[0m22:33:05.144192 [debug] [Thread-5 (]: Snowflake adapter: Snowflake query id: 01c636f5-0202-ab47-001e-0377000f11b6
[0m22:33:05.144668 [debug] [Thread-5 (]: Snowflake adapter: Snowflake error: 001003 (42000): SQL compilation error:
syntax error line 12 at position 6 unexpected 'source'.
syntax error line 12 at position 36 unexpected '}'.
[0m22:33:05.151859 [debug] [Thread-5 (]: Database Error in model stg_products (models\staging\stg_products.sql)
  001003 (42000): SQL compilation error:
  syntax error line 12 at position 6 unexpected 'source'.
  syntax error line 12 at position 36 unexpected '}'.
  compiled code at target\run\snowflake_dbt_project\models\staging\stg_products.sql
[0m22:33:05.152450 [debug] [Thread-5 (]: Sending event: {'category': 'dbt', 'action': 'run_model', 'label': '820c8c7d-edda-4ea8-93be-6adbeafc8326', 'context': [<snowplow_tracker.self_describing_json.SelfDescribingJson object at 0x0000024141349020>]}
[0m22:33:05.153038 [error] [Thread-5 (]: 4 of 4 ERROR creating sql view model raw.stg_products .......................... [[31mERROR[0m in 2.36s]
[0m22:33:05.154323 [debug] [Thread-5 (]: Finished running node model.snowflake_dbt_project.stg_products
[0m22:33:05.155168 [debug] [Thread-4 (]: Snowflake adapter: Snowflake query id: 01c636f5-0202-ab0a-001e-0377000f5006
[0m22:33:05.156495 [debug] [Thread-4 (]: Snowflake adapter: Snowflake error: 001003 (42000): SQL compilation error:
syntax error line 12 at position 6 unexpected 'source'.
syntax error line 12 at position 35 unexpected '}'.
[0m22:33:05.156038 [debug] [Thread-8 (]: Marking all children of 'model.snowflake_dbt_project.stg_products' to be skipped because of status 'error'.  Reason: Database Error in model stg_products (models\staging\stg_products.sql)
  001003 (42000): SQL compilation error:
  syntax error line 12 at position 6 unexpected 'source'.
  syntax error line 12 at position 36 unexpected '}'.
  compiled code at target\run\snowflake_dbt_project\models\staging\stg_products.sql.
[0m22:33:05.162038 [debug] [Thread-4 (]: Database Error in model stg_orders (models\staging\stg_orders.sql)
  001003 (42000): SQL compilation error:
  syntax error line 12 at position 6 unexpected 'source'.
  syntax error line 12 at position 35 unexpected '}'.
  compiled code at target\run\snowflake_dbt_project\models\staging\stg_orders.sql
[0m22:33:05.163976 [debug] [Thread-4 (]: Sending event: {'category': 'dbt', 'action': 'run_model', 'label': '820c8c7d-edda-4ea8-93be-6adbeafc8326', 'context': [<snowplow_tracker.self_describing_json.SelfDescribingJson object at 0x00000241412A5810>]}
[0m22:33:05.164991 [error] [Thread-4 (]: 3 of 4 ERROR creating sql view model raw.stg_orders ............................ [[31mERROR[0m in 2.37s]
[0m22:33:05.165675 [debug] [Thread-4 (]: Finished running node model.snowflake_dbt_project.stg_orders
[0m22:33:05.166239 [debug] [Thread-8 (]: Marking all children of 'model.snowflake_dbt_project.stg_orders' to be skipped because of status 'error'.  Reason: Database Error in model stg_orders (models\staging\stg_orders.sql)
  001003 (42000): SQL compilation error:
  syntax error line 12 at position 6 unexpected 'source'.
  syntax error line 12 at position 35 unexpected '}'.
  compiled code at target\run\snowflake_dbt_project\models\staging\stg_orders.sql.
[0m22:33:05.443671 [debug] [Thread-3 (]: Snowflake adapter: Snowflake query id: 01c636f5-0202-a90a-001e-0377000e31d2
[0m22:33:05.444176 [debug] [Thread-3 (]: Snowflake adapter: Snowflake error: 001003 (42000): SQL compilation error:
syntax error line 14 at position 6 unexpected 'source'.
syntax error line 14 at position 39 unexpected '}'.
[0m22:33:05.450492 [debug] [Thread-3 (]: Database Error in model stg_order_items (models\staging\stg_order_items.sql)
  001003 (42000): SQL compilation error:
  syntax error line 14 at position 6 unexpected 'source'.
  syntax error line 14 at position 39 unexpected '}'.
  compiled code at target\run\snowflake_dbt_project\models\staging\stg_order_items.sql
[0m22:33:05.451082 [debug] [Thread-3 (]: Sending event: {'category': 'dbt', 'action': 'run_model', 'label': '820c8c7d-edda-4ea8-93be-6adbeafc8326', 'context': [<snowplow_tracker.self_describing_json.SelfDescribingJson object at 0x0000024140F766D0>]}
[0m22:33:05.451693 [error] [Thread-3 (]: 2 of 4 ERROR creating sql view model raw.stg_order_items ....................... [[31mERROR[0m in 2.67s]
[0m22:33:05.452331 [debug] [Thread-3 (]: Finished running node model.snowflake_dbt_project.stg_order_items
[0m22:33:05.452866 [debug] [Thread-8 (]: Marking all children of 'model.snowflake_dbt_project.stg_order_items' to be skipped because of status 'error'.  Reason: Database Error in model stg_order_items (models\staging\stg_order_items.sql)
  001003 (42000): SQL compilation error:
  syntax error line 14 at position 6 unexpected 'source'.
  syntax error line 14 at position 39 unexpected '}'.
  compiled code at target\run\snowflake_dbt_project\models\staging\stg_order_items.sql.
[0m22:33:05.455870 [debug] [MainThread]: Connection 'master' was properly closed.
[0m22:33:05.456506 [debug] [MainThread]: Connection 'list_finance_db' was left open.
[0m22:33:05.456945 [debug] [MainThread]: On list_finance_db: Close
[0m22:33:06.012042 [debug] [MainThread]: Connection 'list_finance_db_raw' was left open.
[0m22:33:06.012770 [debug] [MainThread]: On list_finance_db_raw: Close
[0m22:33:06.558435 [debug] [MainThread]: Connection 'model.snowflake_dbt_project.stg_order_items' was left open.
[0m22:33:06.559033 [debug] [MainThread]: On model.snowflake_dbt_project.stg_order_items: Close
[0m22:33:07.024139 [debug] [MainThread]: Connection 'model.snowflake_dbt_project.stg_customers' was left open.
[0m22:33:07.024553 [debug] [MainThread]: On model.snowflake_dbt_project.stg_customers: Close
[0m22:33:08.240358 [debug] [MainThread]: Connection 'model.snowflake_dbt_project.stg_products' was left open.
[0m22:33:08.240811 [debug] [MainThread]: On model.snowflake_dbt_project.stg_products: Close
[0m22:33:08.775569 [debug] [MainThread]: Connection 'model.snowflake_dbt_project.stg_orders' was left open.
[0m22:33:08.776002 [debug] [MainThread]: On model.snowflake_dbt_project.stg_orders: Close
[0m22:33:09.330883 [info ] [MainThread]: 
[0m22:33:09.331357 [info ] [MainThread]: Finished running 4 view models in 0 hours 0 minutes and 11.81 seconds (11.81s).
[0m22:33:09.332538 [debug] [MainThread]: Command end result
[0m22:33:09.372772 [debug] [MainThread]: Wrote artifact WritableManifest to E:\snowflake - dbt project\snowflake_dbt_project\target\manifest.json
[0m22:33:09.376242 [debug] [MainThread]: Wrote artifact SemanticManifest to E:\snowflake - dbt project\snowflake_dbt_project\target\semantic_manifest.json
[0m22:33:09.380891 [debug] [MainThread]: Wrote artifact OsiDocument to E:\snowflake - dbt project\snowflake_dbt_project\target\osi_document.json
[0m22:33:09.389439 [debug] [MainThread]: Wrote artifact RunExecutionResult to E:\snowflake - dbt project\snowflake_dbt_project\target\run_results.json
[0m22:33:09.389844 [info ] [MainThread]: 
[0m22:33:09.390296 [info ] [MainThread]: [31mCompleted with 4 errors, 0 partial successes, and 0 warnings:[0m
[0m22:33:09.390635 [info ] [MainThread]: 
[0m22:33:09.391045 [error] [MainThread]: [[31mERROR[0m]: in model stg_customers (models\staging\stg_customers.sql)
[0m22:33:09.391419 [error] [MainThread]:   Database Error in model stg_customers (models\staging\stg_customers.sql)
  001003 (42000): SQL compilation error:
  syntax error line 11 at position 14 unexpected 'source'.
  syntax error line 11 at position 45 unexpected '}'.
  compiled code at target\run\snowflake_dbt_project\models\staging\stg_customers.sql
[0m22:33:09.391726 [info ] [MainThread]: 
[0m22:33:09.392108 [info ] [MainThread]:   compiled code at target\compiled\snowflake_dbt_project\models\staging\stg_customers.sql
[0m22:33:09.392423 [info ] [MainThread]: 
[0m22:33:09.392784 [error] [MainThread]: [[31mERROR[0m]: in model stg_products (models\staging\stg_products.sql)
[0m22:33:09.393173 [error] [MainThread]:   Database Error in model stg_products (models\staging\stg_products.sql)
  001003 (42000): SQL compilation error:
  syntax error line 12 at position 6 unexpected 'source'.
  syntax error line 12 at position 36 unexpected '}'.
  compiled code at target\run\snowflake_dbt_project\models\staging\stg_products.sql
[0m22:33:09.393474 [info ] [MainThread]: 
[0m22:33:09.393845 [info ] [MainThread]:   compiled code at target\compiled\snowflake_dbt_project\models\staging\stg_products.sql
[0m22:33:09.394148 [info ] [MainThread]: 
[0m22:33:09.394616 [error] [MainThread]: [[31mERROR[0m]: in model stg_orders (models\staging\stg_orders.sql)
[0m22:33:09.395186 [error] [MainThread]:   Database Error in model stg_orders (models\staging\stg_orders.sql)
  001003 (42000): SQL compilation error:
  syntax error line 12 at position 6 unexpected 'source'.
  syntax error line 12 at position 35 unexpected '}'.
  compiled code at target\run\snowflake_dbt_project\models\staging\stg_orders.sql
[0m22:33:09.395621 [info ] [MainThread]: 
[0m22:33:09.396587 [info ] [MainThread]:   compiled code at target\compiled\snowflake_dbt_project\models\staging\stg_orders.sql
[0m22:33:09.397232 [info ] [MainThread]: 
[0m22:33:09.397844 [error] [MainThread]: [[31mERROR[0m]: in model stg_order_items (models\staging\stg_order_items.sql)
[0m22:33:09.398395 [error] [MainThread]:   Database Error in model stg_order_items (models\staging\stg_order_items.sql)
  001003 (42000): SQL compilation error:
  syntax error line 14 at position 6 unexpected 'source'.
  syntax error line 14 at position 39 unexpected '}'.
  compiled code at target\run\snowflake_dbt_project\models\staging\stg_order_items.sql
[0m22:33:09.398750 [info ] [MainThread]: 
[0m22:33:09.399112 [info ] [MainThread]:   compiled code at target\compiled\snowflake_dbt_project\models\staging\stg_order_items.sql
[0m22:33:09.399416 [info ] [MainThread]: 
[0m22:33:09.399777 [info ] [MainThread]: Done. PASS=0 WARN=0 ERROR=4 SKIP=0 NO-OP=0 REUSED=0 TOTAL=4
[0m22:33:09.400495 [debug] [MainThread]: Command `dbt run` failed at 22:33:09.400371 after 13.78 seconds
[0m22:33:09.400862 [debug] [MainThread]: Sending event: {'category': 'dbt', 'action': 'invocation', 'label': 'end', 'context': [<snowplow_tracker.self_describing_json.SelfDescribingJson object at 0x000002413DDDA9E0>, <snowplow_tracker.self_describing_json.SelfDescribingJson object at 0x000002413DB8DE10>, <snowplow_tracker.self_describing_json.SelfDescribingJson object at 0x000002413AB2BCB0>]}
[0m22:33:09.401212 [debug] [MainThread]: Flushing usage events
[0m22:33:10.559361 [debug] [MainThread]: An error was encountered while trying to flush usage events
[0m22:33:57.077615 [debug] [MainThread]: Sending event: {'category': 'dbt', 'action': 'invocation', 'label': 'start', 'context': [<snowplow_tracker.self_describing_json.SelfDescribingJson object at 0x00000274CB8A4590>, <snowplow_tracker.self_describing_json.SelfDescribingJson object at 0x00000274C8E00B90>, <snowplow_tracker.self_describing_json.SelfDescribingJson object at 0x00000274CDE37C50>]}


============================== 22:33:57.084267 | 56780113-af3a-4c3b-ad82-9db2e714e124 ==============================
[0m22:33:57.084267 [info ] [MainThread]: Running with dbt=1.12.0
[0m22:33:57.084997 [debug] [MainThread]: running dbt with arguments {'version_check': 'True', 'no_print': 'None', 'static_parser': 'True', 'warn_error_options': 'WarnErrorOptionsV2(error=[], warn=[], silence=[])', 'target_path': 'None', 'maximum_seed_size_mib': '1', 'printer_width': '80', 'write_json': 'True', 'introspect': 'True', 'log_cache_events': 'False', 'empty': 'False', 'cache_selected_only': 'False', 'log_format': 'default', 'debug': 'False', 'fail_fast': 'False', 'partial_parse': 'True', 'send_anonymous_usage_stats': 'True', 'quiet': 'False', 'warn_error': 'None', 'profiles_dir': 'C:\\Users\\hamad\\.dbt', 'indirect_selection': 'eager', 'hints_enabled': 'True', 'use_colors': 'True', 'use_experimental_parser': 'False', 'invocation_command': 'dbt run --select staging.*', 'log_path': 'E:\\snowflake - dbt project\\snowflake_dbt_project\\logs'}
[0m22:33:57.634744 [debug] [MainThread]: Snowflake adapter: Setting snowflake.connector to ERROR (file logging only)
[0m22:33:57.635246 [debug] [MainThread]: Snowflake adapter: Setting botocore to ERROR (file logging only)
[0m22:33:57.635994 [debug] [MainThread]: Snowflake adapter: Setting boto3 to ERROR (file logging only)
[0m22:33:57.954021 [debug] [MainThread]: Sending event: {'category': 'dbt', 'action': 'project_id', 'label': '56780113-af3a-4c3b-ad82-9db2e714e124', 'context': [<snowplow_tracker.self_describing_json.SelfDescribingJson object at 0x00000274CF9AC770>]}
[0m22:33:58.039430 [debug] [MainThread]: Sending event: {'category': 'dbt', 'action': 'adapter_info', 'label': '56780113-af3a-4c3b-ad82-9db2e714e124', 'context': [<snowplow_tracker.self_describing_json.SelfDescribingJson object at 0x00000274C8D7C490>]}
[0m22:33:58.041049 [info ] [MainThread]: Registered adapter: snowflake=1.12.0
[0m22:33:58.404466 [debug] [MainThread]: checksum: e2b009bdcd63f6a60a6dac58a2fb29818fa8d66ceac39f6312dc6f7f86b2acaf, vars: {}, profile: snowflake_dbt_project, target: dev, version: 1.12.0
[0m22:33:58.574165 [debug] [MainThread]: Partial parsing enabled: 0 files deleted, 0 files added, 4 files changed.
[0m22:33:58.574769 [debug] [MainThread]: Partial parsing: updated file: snowflake_dbt_project://models\staging\stg_customers.sql
[0m22:33:58.575179 [debug] [MainThread]: Partial parsing: updated file: snowflake_dbt_project://models\staging\stg_order_items.sql
[0m22:33:58.575594 [debug] [MainThread]: Partial parsing: updated file: snowflake_dbt_project://models\staging\stg_orders.sql
[0m22:33:58.575997 [debug] [MainThread]: Partial parsing: updated file: snowflake_dbt_project://models\staging\stg_products.sql
[0m22:33:58.948307 [warn ] [MainThread]: [[33mWARNING[0m]: Configuration paths exist in your dbt_project.yml file which do not apply to any resources.
There are 1 unused configuration paths:
- models.snowflake_dbt_project.marts
[0m22:33:58.952236 [debug] [MainThread]: Sending event: {'category': 'dbt', 'action': 'load_project', 'label': '56780113-af3a-4c3b-ad82-9db2e714e124', 'context': [<snowplow_tracker.self_describing_json.SelfDescribingJson object at 0x00000274D1088050>]}
[0m22:33:59.058810 [debug] [MainThread]: Wrote artifact WritableManifest to E:\snowflake - dbt project\snowflake_dbt_project\target\manifest.json
[0m22:33:59.062835 [debug] [MainThread]: Wrote artifact SemanticManifest to E:\snowflake - dbt project\snowflake_dbt_project\target\semantic_manifest.json
[0m22:33:59.093019 [debug] [MainThread]: Wrote artifact OsiDocument to E:\snowflake - dbt project\snowflake_dbt_project\target\osi_document.json
[0m22:33:59.113534 [debug] [MainThread]: Sending event: {'category': 'dbt', 'action': 'resource_counts', 'label': '56780113-af3a-4c3b-ad82-9db2e714e124', 'context': [<snowplow_tracker.self_describing_json.SelfDescribingJson object at 0x00000274D1386C60>]}
[0m22:33:59.114447 [info ] [MainThread]: Found 4 models, 4 sources, 545 macros
[0m22:33:59.115179 [debug] [MainThread]: Sending event: {'category': 'dbt', 'action': 'runnable_timing', 'label': '56780113-af3a-4c3b-ad82-9db2e714e124', 'context': [<snowplow_tracker.self_describing_json.SelfDescribingJson object at 0x00000274D13B6510>]}
[0m22:33:59.118182 [info ] [MainThread]: 
[0m22:33:59.118779 [info ] [MainThread]: Concurrency: 4 threads (target='dev')
[0m22:33:59.119365 [info ] [MainThread]: 
[0m22:33:59.121045 [debug] [MainThread]: Acquiring new snowflake connection 'master'
[0m22:33:59.126839 [debug] [ThreadPool]: Acquiring new snowflake connection 'list_finance_db'
[0m22:33:59.142673 [debug] [ThreadPool]: Using snowflake connection "list_finance_db"
[0m22:33:59.143120 [debug] [ThreadPool]: On list_finance_db: show terse schemas in database finance_db
    limit 10000
/* {"app": "dbt", "dbt_version": "1.12.0", "profile_name": "snowflake_dbt_project", "target_name": "dev", "connection_name": "list_finance_db"} */
[0m22:33:59.143451 [debug] [ThreadPool]: Opening a new connection, currently in state init
[0m22:34:05.387127 [debug] [ThreadPool]: SQL status: SUCCESS 3 in 6.243 seconds
[0m22:34:05.391524 [debug] [ThreadPool]: Acquiring new snowflake connection 'list_finance_db_raw'
[0m22:34:05.406657 [debug] [ThreadPool]: Using snowflake connection "list_finance_db_raw"
[0m22:34:05.407065 [debug] [ThreadPool]: On list_finance_db_raw: show objects in finance_db.raw
    limit 10000
    

/* {"app": "dbt", "dbt_version": "1.12.0", "profile_name": "snowflake_dbt_project", "target_name": "dev", "connection_name": "list_finance_db_raw"} */;
[0m22:34:05.407388 [debug] [ThreadPool]: Opening a new connection, currently in state init
[0m22:34:07.623729 [debug] [ThreadPool]: SQL status: SUCCESS 6 in 2.216 seconds
[0m22:34:07.630801 [debug] [ThreadPool]: Using snowflake connection "list_finance_db_raw"
[0m22:34:07.631267 [debug] [ThreadPool]: On list_finance_db_raw: show user functions in finance_db.raw
/* {"app": "dbt", "dbt_version": "1.12.0", "profile_name": "snowflake_dbt_project", "target_name": "dev", "connection_name": "list_finance_db_raw"} */
[0m22:34:07.854329 [debug] [ThreadPool]: SQL status: SUCCESS 0 in 0.223 seconds
[0m22:34:07.857920 [debug] [MainThread]: Sending event: {'category': 'dbt', 'action': 'runnable_timing', 'label': '56780113-af3a-4c3b-ad82-9db2e714e124', 'context': [<snowplow_tracker.self_describing_json.SelfDescribingJson object at 0x00000274D15402C0>]}
[0m22:34:07.862677 [debug] [Thread-2 (]: Began running node model.snowflake_dbt_project.stg_customers
[0m22:34:07.863161 [debug] [Thread-4 (]: Began running node model.snowflake_dbt_project.stg_orders
[0m22:34:07.863561 [debug] [Thread-5 (]: Began running node model.snowflake_dbt_project.stg_products
[0m22:34:07.863998 [debug] [Thread-3 (]: Began running node model.snowflake_dbt_project.stg_order_items
[0m22:34:07.864693 [info ] [Thread-2 (]: 1 of 4 START sql view model raw.stg_customers .................................. [RUN]
[0m22:34:07.867153 [debug] [Thread-2 (]: Acquiring new snowflake connection 'model.snowflake_dbt_project.stg_customers'
[0m22:34:07.867693 [debug] [Thread-2 (]: Began compiling node model.snowflake_dbt_project.stg_customers
[0m22:34:07.865251 [info ] [Thread-4 (]: 3 of 4 START sql view model raw.stg_orders ..................................... [RUN]
[0m22:34:07.875181 [debug] [Thread-4 (]: Acquiring new snowflake connection 'model.snowflake_dbt_project.stg_orders'
[0m22:34:07.875646 [debug] [Thread-4 (]: Began compiling node model.snowflake_dbt_project.stg_orders
[0m22:34:07.874380 [debug] [Thread-2 (]: Writing injected SQL for node "model.snowflake_dbt_project.stg_customers"
[0m22:34:07.865848 [info ] [Thread-5 (]: 4 of 4 START sql view model raw.stg_products ................................... [RUN]
[0m22:34:07.866435 [info ] [Thread-3 (]: 2 of 4 START sql view model raw.stg_order_items ................................ [RUN]
[0m22:34:07.880300 [debug] [Thread-3 (]: Acquiring new snowflake connection 'model.snowflake_dbt_project.stg_order_items'
[0m22:34:07.880803 [debug] [Thread-3 (]: Began compiling node model.snowflake_dbt_project.stg_order_items
[0m22:34:07.878848 [debug] [Thread-4 (]: Writing injected SQL for node "model.snowflake_dbt_project.stg_orders"
[0m22:34:07.882991 [debug] [Thread-3 (]: Writing injected SQL for node "model.snowflake_dbt_project.stg_order_items"
[0m22:34:07.879651 [debug] [Thread-5 (]: Acquiring new snowflake connection 'model.snowflake_dbt_project.stg_products'
[0m22:34:07.884091 [debug] [Thread-5 (]: Began compiling node model.snowflake_dbt_project.stg_products
[0m22:34:07.886378 [debug] [Thread-5 (]: Writing injected SQL for node "model.snowflake_dbt_project.stg_products"
[0m22:34:07.883485 [debug] [Thread-2 (]: Began executing node model.snowflake_dbt_project.stg_customers
[0m22:34:07.902843 [debug] [Thread-3 (]: Began executing node model.snowflake_dbt_project.stg_order_items
[0m22:34:07.903713 [debug] [Thread-4 (]: Began executing node model.snowflake_dbt_project.stg_orders
[0m22:34:07.920291 [debug] [Thread-2 (]: Writing runtime sql for node "model.snowflake_dbt_project.stg_customers"
[0m22:34:07.923185 [debug] [Thread-3 (]: Writing runtime sql for node "model.snowflake_dbt_project.stg_order_items"
[0m22:34:07.925575 [debug] [Thread-4 (]: Writing runtime sql for node "model.snowflake_dbt_project.stg_orders"
[0m22:34:07.926513 [debug] [Thread-5 (]: Began executing node model.snowflake_dbt_project.stg_products
[0m22:34:07.929270 [debug] [Thread-5 (]: Writing runtime sql for node "model.snowflake_dbt_project.stg_products"
[0m22:34:07.930440 [debug] [Thread-4 (]: Using snowflake connection "model.snowflake_dbt_project.stg_orders"
[0m22:34:07.930957 [debug] [Thread-4 (]: On model.snowflake_dbt_project.stg_orders: create or replace   view finance_db.raw.stg_orders
  
  
  
  
  as (
    select 
id as order_id,
customer_id,
order_date,
status as order_status
from finance_db.raw_data.orders
  )
/* {"app": "dbt", "dbt_version": "1.12.0", "profile_name": "snowflake_dbt_project", "target_name": "dev", "node_id": "model.snowflake_dbt_project.stg_orders"} */;
[0m22:34:07.931461 [debug] [Thread-4 (]: Opening a new connection, currently in state init
[0m22:34:07.932243 [debug] [Thread-2 (]: Using snowflake connection "model.snowflake_dbt_project.stg_customers"
[0m22:34:07.933021 [debug] [Thread-2 (]: On model.snowflake_dbt_project.stg_customers: create or replace   view finance_db.raw.stg_customers
  
  
  
  
  as (
    select 
id as customer_id,
name as customer_name, 
email ,
country from finance_db.raw_data.customers
  )
/* {"app": "dbt", "dbt_version": "1.12.0", "profile_name": "snowflake_dbt_project", "target_name": "dev", "node_id": "model.snowflake_dbt_project.stg_customers"} */;
[0m22:34:07.934944 [debug] [Thread-2 (]: Opening a new connection, currently in state init
[0m22:34:07.934452 [debug] [Thread-5 (]: Using snowflake connection "model.snowflake_dbt_project.stg_products"
[0m22:34:07.933831 [debug] [Thread-3 (]: Using snowflake connection "model.snowflake_dbt_project.stg_order_items"
[0m22:34:07.937793 [debug] [Thread-3 (]: On model.snowflake_dbt_project.stg_order_items: create or replace   view finance_db.raw.stg_order_items
  
  
  
  
  as (
    select 
id as item_id,
order_id,
product_id,
quantity,
unit_price,
total_price = (quantity * unit_price)
from finance_db.raw_data.order_items
  )
/* {"app": "dbt", "dbt_version": "1.12.0", "profile_name": "snowflake_dbt_project", "target_name": "dev", "node_id": "model.snowflake_dbt_project.stg_order_items"} */;
[0m22:34:07.936637 [debug] [Thread-5 (]: On model.snowflake_dbt_project.stg_products: create or replace   view finance_db.raw.stg_products
  
  
  
  
  as (
    select 
id as propuct_id,
name as product_name,  
category as product_category,
price as product_price,
from finance_db.raw_data.products
  )
/* {"app": "dbt", "dbt_version": "1.12.0", "profile_name": "snowflake_dbt_project", "target_name": "dev", "node_id": "model.snowflake_dbt_project.stg_products"} */;
[0m22:34:07.941817 [debug] [Thread-5 (]: Opening a new connection, currently in state init
[0m22:34:07.940791 [debug] [Thread-3 (]: Opening a new connection, currently in state init
[0m22:34:08.893729 [debug] [Thread-4 (]: Snowflake adapter: Snowflake query id: 01c636f6-0202-ab00-001e-0377000f4012
[0m22:34:08.894281 [debug] [Thread-4 (]: Snowflake adapter: Snowflake error: 002003 (02000): SQL compilation error:
Schema 'FINANCE_DB.RAW_DATA' does not exist or not authorized.
[0m22:34:08.901278 [debug] [Thread-4 (]: Database Error in model stg_orders (models\staging\stg_orders.sql)
  002003 (02000): SQL compilation error:
  Schema 'FINANCE_DB.RAW_DATA' does not exist or not authorized.
  compiled code at target\run\snowflake_dbt_project\models\staging\stg_orders.sql
[0m22:34:08.906107 [debug] [Thread-2 (]: Snowflake adapter: Snowflake query id: 01c636f6-0202-a7d2-001e-0377000d9346
[0m22:34:08.906768 [debug] [Thread-2 (]: Snowflake adapter: Snowflake error: 002003 (02000): SQL compilation error:
Schema 'FINANCE_DB.RAW_DATA' does not exist or not authorized.
[0m22:34:08.908622 [debug] [Thread-4 (]: Sending event: {'category': 'dbt', 'action': 'run_model', 'label': '56780113-af3a-4c3b-ad82-9db2e714e124', 'context': [<snowplow_tracker.self_describing_json.SelfDescribingJson object at 0x00000274D16A62D0>]}
[0m22:34:08.909303 [error] [Thread-4 (]: 3 of 4 ERROR creating sql view model raw.stg_orders ............................ [[31mERROR[0m in 1.03s]
[0m22:34:08.909925 [debug] [Thread-4 (]: Finished running node model.snowflake_dbt_project.stg_orders
[0m22:34:08.910622 [debug] [Thread-8 (]: Marking all children of 'model.snowflake_dbt_project.stg_orders' to be skipped because of status 'error'.  Reason: Database Error in model stg_orders (models\staging\stg_orders.sql)
  002003 (02000): SQL compilation error:
  Schema 'FINANCE_DB.RAW_DATA' does not exist or not authorized.
  compiled code at target\run\snowflake_dbt_project\models\staging\stg_orders.sql.
[0m22:34:08.916197 [debug] [Thread-2 (]: Database Error in model stg_customers (models\staging\stg_customers.sql)
  002003 (02000): SQL compilation error:
  Schema 'FINANCE_DB.RAW_DATA' does not exist or not authorized.
  compiled code at target\run\snowflake_dbt_project\models\staging\stg_customers.sql
[0m22:34:08.916847 [debug] [Thread-2 (]: Sending event: {'category': 'dbt', 'action': 'run_model', 'label': '56780113-af3a-4c3b-ad82-9db2e714e124', 'context': [<snowplow_tracker.self_describing_json.SelfDescribingJson object at 0x00000274D165D700>]}
[0m22:34:08.917435 [error] [Thread-2 (]: 1 of 4 ERROR creating sql view model raw.stg_customers ......................... [[31mERROR[0m in 1.05s]
[0m22:34:08.918018 [debug] [Thread-2 (]: Finished running node model.snowflake_dbt_project.stg_customers
[0m22:34:08.918545 [debug] [Thread-8 (]: Marking all children of 'model.snowflake_dbt_project.stg_customers' to be skipped because of status 'error'.  Reason: Database Error in model stg_customers (models\staging\stg_customers.sql)
  002003 (02000): SQL compilation error:
  Schema 'FINANCE_DB.RAW_DATA' does not exist or not authorized.
  compiled code at target\run\snowflake_dbt_project\models\staging\stg_customers.sql.
[0m22:34:09.680794 [debug] [Thread-3 (]: Snowflake adapter: Snowflake query id: 01c636f6-0202-ab00-001e-0377000f4016
[0m22:34:09.681598 [debug] [Thread-3 (]: Snowflake adapter: Snowflake error: 002003 (02000): SQL compilation error:
Schema 'FINANCE_DB.RAW_DATA' does not exist or not authorized.
[0m22:34:09.688290 [debug] [Thread-3 (]: Database Error in model stg_order_items (models\staging\stg_order_items.sql)
  002003 (02000): SQL compilation error:
  Schema 'FINANCE_DB.RAW_DATA' does not exist or not authorized.
  compiled code at target\run\snowflake_dbt_project\models\staging\stg_order_items.sql
[0m22:34:09.689093 [debug] [Thread-3 (]: Sending event: {'category': 'dbt', 'action': 'run_model', 'label': '56780113-af3a-4c3b-ad82-9db2e714e124', 'context': [<snowplow_tracker.self_describing_json.SelfDescribingJson object at 0x00000274D1711C70>]}
[0m22:34:09.690149 [error] [Thread-3 (]: 2 of 4 ERROR creating sql view model raw.stg_order_items ....................... [[31mERROR[0m in 1.81s]
[0m22:34:09.691369 [debug] [Thread-3 (]: Finished running node model.snowflake_dbt_project.stg_order_items
[0m22:34:09.691989 [debug] [Thread-8 (]: Marking all children of 'model.snowflake_dbt_project.stg_order_items' to be skipped because of status 'error'.  Reason: Database Error in model stg_order_items (models\staging\stg_order_items.sql)
  002003 (02000): SQL compilation error:
  Schema 'FINANCE_DB.RAW_DATA' does not exist or not authorized.
  compiled code at target\run\snowflake_dbt_project\models\staging\stg_order_items.sql.
[0m22:34:09.693836 [debug] [Thread-5 (]: Snowflake adapter: Snowflake query id: 01c636f6-0202-a7d2-001e-0377000d934a
[0m22:34:09.694865 [debug] [Thread-5 (]: Snowflake adapter: Snowflake error: 002003 (02000): SQL compilation error:
Schema 'FINANCE_DB.RAW_DATA' does not exist or not authorized.
[0m22:34:09.701258 [debug] [Thread-5 (]: Database Error in model stg_products (models\staging\stg_products.sql)
  002003 (02000): SQL compilation error:
  Schema 'FINANCE_DB.RAW_DATA' does not exist or not authorized.
  compiled code at target\run\snowflake_dbt_project\models\staging\stg_products.sql
[0m22:34:09.701853 [debug] [Thread-5 (]: Sending event: {'category': 'dbt', 'action': 'run_model', 'label': '56780113-af3a-4c3b-ad82-9db2e714e124', 'context': [<snowplow_tracker.self_describing_json.SelfDescribingJson object at 0x00000274D1533E50>]}
[0m22:34:09.702829 [error] [Thread-5 (]: 4 of 4 ERROR creating sql view model raw.stg_products .......................... [[31mERROR[0m in 1.82s]
[0m22:34:09.703975 [debug] [Thread-5 (]: Finished running node model.snowflake_dbt_project.stg_products
[0m22:34:09.704702 [debug] [Thread-8 (]: Marking all children of 'model.snowflake_dbt_project.stg_products' to be skipped because of status 'error'.  Reason: Database Error in model stg_products (models\staging\stg_products.sql)
  002003 (02000): SQL compilation error:
  Schema 'FINANCE_DB.RAW_DATA' does not exist or not authorized.
  compiled code at target\run\snowflake_dbt_project\models\staging\stg_products.sql.
[0m22:34:09.706597 [debug] [MainThread]: Connection 'master' was properly closed.
[0m22:34:09.707428 [debug] [MainThread]: Connection 'list_finance_db' was left open.
[0m22:34:09.708179 [debug] [MainThread]: On list_finance_db: Close
[0m22:34:10.079600 [debug] [MainThread]: Connection 'list_finance_db_raw' was left open.
[0m22:34:10.080207 [debug] [MainThread]: On list_finance_db_raw: Close
[0m22:34:10.439638 [debug] [MainThread]: Connection 'model.snowflake_dbt_project.stg_customers' was left open.
[0m22:34:10.440265 [debug] [MainThread]: On model.snowflake_dbt_project.stg_customers: Close
[0m22:34:10.815737 [debug] [MainThread]: Connection 'model.snowflake_dbt_project.stg_orders' was left open.
[0m22:34:10.816775 [debug] [MainThread]: On model.snowflake_dbt_project.stg_orders: Close
[0m22:34:11.192556 [debug] [MainThread]: Connection 'model.snowflake_dbt_project.stg_products' was left open.
[0m22:34:11.192977 [debug] [MainThread]: On model.snowflake_dbt_project.stg_products: Close
[0m22:34:11.573919 [debug] [MainThread]: Connection 'model.snowflake_dbt_project.stg_order_items' was left open.
[0m22:34:11.574371 [debug] [MainThread]: On model.snowflake_dbt_project.stg_order_items: Close
[0m22:34:11.931652 [info ] [MainThread]: 
[0m22:34:11.932110 [info ] [MainThread]: Finished running 4 view models in 0 hours 0 minutes and 12.81 seconds (12.81s).
[0m22:34:11.933246 [debug] [MainThread]: Command end result
[0m22:34:11.971311 [debug] [MainThread]: Wrote artifact WritableManifest to E:\snowflake - dbt project\snowflake_dbt_project\target\manifest.json
[0m22:34:11.974703 [debug] [MainThread]: Wrote artifact SemanticManifest to E:\snowflake - dbt project\snowflake_dbt_project\target\semantic_manifest.json
[0m22:34:11.978780 [debug] [MainThread]: Wrote artifact OsiDocument to E:\snowflake - dbt project\snowflake_dbt_project\target\osi_document.json
[0m22:34:11.987902 [debug] [MainThread]: Wrote artifact RunExecutionResult to E:\snowflake - dbt project\snowflake_dbt_project\target\run_results.json
[0m22:34:11.988456 [info ] [MainThread]: 
[0m22:34:11.989160 [info ] [MainThread]: [31mCompleted with 4 errors, 0 partial successes, and 0 warnings:[0m
[0m22:34:11.989742 [info ] [MainThread]: 
[0m22:34:11.990397 [error] [MainThread]: [[31mERROR[0m]: in model stg_orders (models\staging\stg_orders.sql)
[0m22:34:11.990866 [error] [MainThread]:   Database Error in model stg_orders (models\staging\stg_orders.sql)
  002003 (02000): SQL compilation error:
  Schema 'FINANCE_DB.RAW_DATA' does not exist or not authorized.
  compiled code at target\run\snowflake_dbt_project\models\staging\stg_orders.sql
[0m22:34:11.991317 [info ] [MainThread]: 
[0m22:34:11.991722 [info ] [MainThread]:   compiled code at target\compiled\snowflake_dbt_project\models\staging\stg_orders.sql
[0m22:34:11.992043 [info ] [MainThread]: 
[0m22:34:11.992413 [error] [MainThread]: [[31mERROR[0m]: in model stg_customers (models\staging\stg_customers.sql)
[0m22:34:11.992806 [error] [MainThread]:   Database Error in model stg_customers (models\staging\stg_customers.sql)
  002003 (02000): SQL compilation error:
  Schema 'FINANCE_DB.RAW_DATA' does not exist or not authorized.
  compiled code at target\run\snowflake_dbt_project\models\staging\stg_customers.sql
[0m22:34:11.993112 [info ] [MainThread]: 
[0m22:34:11.993475 [info ] [MainThread]:   compiled code at target\compiled\snowflake_dbt_project\models\staging\stg_customers.sql
[0m22:34:11.993890 [info ] [MainThread]: 
[0m22:34:11.994302 [error] [MainThread]: [[31mERROR[0m]: in model stg_order_items (models\staging\stg_order_items.sql)
[0m22:34:11.994944 [error] [MainThread]:   Database Error in model stg_order_items (models\staging\stg_order_items.sql)
  002003 (02000): SQL compilation error:
  Schema 'FINANCE_DB.RAW_DATA' does not exist or not authorized.
  compiled code at target\run\snowflake_dbt_project\models\staging\stg_order_items.sql
[0m22:34:11.995450 [info ] [MainThread]: 
[0m22:34:11.996034 [info ] [MainThread]:   compiled code at target\compiled\snowflake_dbt_project\models\staging\stg_order_items.sql
[0m22:34:11.996505 [info ] [MainThread]: 
[0m22:34:11.997031 [error] [MainThread]: [[31mERROR[0m]: in model stg_products (models\staging\stg_products.sql)
[0m22:34:11.997410 [error] [MainThread]:   Database Error in model stg_products (models\staging\stg_products.sql)
  002003 (02000): SQL compilation error:
  Schema 'FINANCE_DB.RAW_DATA' does not exist or not authorized.
  compiled code at target\run\snowflake_dbt_project\models\staging\stg_products.sql
[0m22:34:11.997752 [info ] [MainThread]: 
[0m22:34:11.998109 [info ] [MainThread]:   compiled code at target\compiled\snowflake_dbt_project\models\staging\stg_products.sql
[0m22:34:11.998415 [info ] [MainThread]: 
[0m22:34:11.998796 [info ] [MainThread]: Done. PASS=0 WARN=0 ERROR=4 SKIP=0 NO-OP=0 REUSED=0 TOTAL=4
[0m22:34:11.999508 [debug] [MainThread]: Command `dbt run` failed at 22:34:11.999407 after 15.18 seconds
[0m22:34:11.999917 [debug] [MainThread]: Sending event: {'category': 'dbt', 'action': 'invocation', 'label': 'end', 'context': [<snowplow_tracker.self_describing_json.SelfDescribingJson object at 0x00000274CDE5A9E0>, <snowplow_tracker.self_describing_json.SelfDescribingJson object at 0x00000274CDC0DE10>, <snowplow_tracker.self_describing_json.SelfDescribingJson object at 0x00000274CB9CEDB0>]}
[0m22:34:12.000273 [debug] [MainThread]: Flushing usage events
[0m22:34:12.896582 [debug] [MainThread]: An error was encountered while trying to flush usage events
[0m22:34:47.494658 [debug] [MainThread]: Sending event: {'category': 'dbt', 'action': 'invocation', 'label': 'start', 'context': [<snowplow_tracker.self_describing_json.SelfDescribingJson object at 0x00000206A6C78590>, <snowplow_tracker.self_describing_json.SelfDescribingJson object at 0x00000206A41E0B90>, <snowplow_tracker.self_describing_json.SelfDescribingJson object at 0x00000206A9207C50>]}


============================== 22:34:47.499416 | dfc09851-a0de-4bc1-bf40-7bf96a232b42 ==============================
[0m22:34:47.499416 [info ] [MainThread]: Running with dbt=1.12.0
[0m22:34:47.500047 [debug] [MainThread]: running dbt with arguments {'maximum_seed_size_mib': '1', 'no_print': 'None', 'static_parser': 'True', 'warn_error_options': 'WarnErrorOptionsV2(error=[], warn=[], silence=[])', 'version_check': 'True', 'target_path': 'None', 'printer_width': '80', 'write_json': 'True', 'introspect': 'True', 'log_cache_events': 'False', 'empty': 'None', 'cache_selected_only': 'False', 'log_format': 'default', 'debug': 'False', 'fail_fast': 'False', 'profiles_dir': 'C:\\Users\\hamad\\.dbt', 'send_anonymous_usage_stats': 'True', 'quiet': 'False', 'warn_error': 'None', 'partial_parse': 'True', 'use_colors': 'True', 'hints_enabled': 'True', 'indirect_selection': 'eager', 'use_experimental_parser': 'False', 'invocation_command': "dbt show --inline select table_schema, table_name from finance_db.information_schema.tables where table_schema not in ('INFORMATION_SCHEMA') --limit 50", 'log_path': 'E:\\snowflake - dbt project\\snowflake_dbt_project\\logs'}
[0m22:34:48.027437 [debug] [MainThread]: Snowflake adapter: Setting snowflake.connector to ERROR (file logging only)
[0m22:34:48.028831 [debug] [MainThread]: Snowflake adapter: Setting botocore to ERROR (file logging only)
[0m22:34:48.029793 [debug] [MainThread]: Snowflake adapter: Setting boto3 to ERROR (file logging only)
[0m22:34:48.325607 [debug] [MainThread]: Sending event: {'category': 'dbt', 'action': 'project_id', 'label': 'dfc09851-a0de-4bc1-bf40-7bf96a232b42', 'context': [<snowplow_tracker.self_describing_json.SelfDescribingJson object at 0x00000206AADE0640>]}
[0m22:34:48.409001 [debug] [MainThread]: Sending event: {'category': 'dbt', 'action': 'adapter_info', 'label': 'dfc09851-a0de-4bc1-bf40-7bf96a232b42', 'context': [<snowplow_tracker.self_describing_json.SelfDescribingJson object at 0x00000206A415C490>]}
[0m22:34:48.426419 [info ] [MainThread]: Registered adapter: snowflake=1.12.0
[0m22:34:48.809856 [debug] [MainThread]: checksum: e2b009bdcd63f6a60a6dac58a2fb29818fa8d66ceac39f6312dc6f7f86b2acaf, vars: {}, profile: snowflake_dbt_project, target: dev, version: 1.12.0
[0m22:34:48.973865 [debug] [MainThread]: Partial parsing enabled: 0 files deleted, 0 files added, 0 files changed.
[0m22:34:48.974283 [debug] [MainThread]: Nothing changed, skipping partial parsing.
[0m22:34:48.974570 [debug] [MainThread]: Partial parsing enabled, no changes found, skipping parsing
[0m22:34:48.981658 [warn ] [MainThread]: [[33mWARNING[0m]: Configuration paths exist in your dbt_project.yml file which do not apply to any resources.
There are 1 unused configuration paths:
- models.snowflake_dbt_project.marts
[0m22:34:48.986673 [debug] [MainThread]: Sending event: {'category': 'dbt', 'action': 'load_project', 'label': 'dfc09851-a0de-4bc1-bf40-7bf96a232b42', 'context': [<snowplow_tracker.self_describing_json.SelfDescribingJson object at 0x00000206AC47A250>]}
[0m22:34:49.120120 [debug] [MainThread]: Wrote artifact WritableManifest to E:\snowflake - dbt project\snowflake_dbt_project\target\manifest.json
[0m22:34:49.123564 [debug] [MainThread]: Wrote artifact SemanticManifest to E:\snowflake - dbt project\snowflake_dbt_project\target\semantic_manifest.json
[0m22:34:49.153004 [debug] [MainThread]: Wrote artifact OsiDocument to E:\snowflake - dbt project\snowflake_dbt_project\target\osi_document.json
[0m22:34:49.350115 [debug] [MainThread]: Sending event: {'category': 'dbt', 'action': 'resource_counts', 'label': 'dfc09851-a0de-4bc1-bf40-7bf96a232b42', 'context': [<snowplow_tracker.self_describing_json.SelfDescribingJson object at 0x00000206AC62F200>]}
[0m22:34:49.350653 [info ] [MainThread]: Found 4 models, 1 sql operation, 4 sources, 545 macros
[0m22:34:49.351069 [debug] [MainThread]: Sending event: {'category': 'dbt', 'action': 'runnable_timing', 'label': 'dfc09851-a0de-4bc1-bf40-7bf96a232b42', 'context': [<snowplow_tracker.self_describing_json.SelfDescribingJson object at 0x00000206AC700210>]}
[0m22:34:49.353792 [info ] [MainThread]: 
[0m22:34:49.354317 [info ] [MainThread]: Concurrency: 4 threads (target='dev')
[0m22:34:49.354669 [info ] [MainThread]: 
[0m22:34:49.355211 [debug] [MainThread]: Acquiring new snowflake connection 'master'
[0m22:34:49.359785 [debug] [ThreadPool]: Acquiring new snowflake connection 'list_finance_db_raw'
[0m22:34:49.382564 [debug] [ThreadPool]: Using snowflake connection "list_finance_db_raw"
[0m22:34:49.382959 [debug] [ThreadPool]: On list_finance_db_raw: show objects in finance_db.raw
    limit 10000
    

/* {"app": "dbt", "dbt_version": "1.12.0", "profile_name": "snowflake_dbt_project", "target_name": "dev", "connection_name": "list_finance_db_raw"} */;
[0m22:34:49.383297 [debug] [ThreadPool]: Opening a new connection, currently in state init
[0m22:34:51.146867 [debug] [ThreadPool]: SQL status: SUCCESS 6 in 1.763 seconds
[0m22:34:51.157327 [debug] [ThreadPool]: Using snowflake connection "list_finance_db_raw"
[0m22:34:51.157825 [debug] [ThreadPool]: On list_finance_db_raw: show user functions in finance_db.raw
/* {"app": "dbt", "dbt_version": "1.12.0", "profile_name": "snowflake_dbt_project", "target_name": "dev", "connection_name": "list_finance_db_raw"} */
[0m22:34:51.357154 [debug] [ThreadPool]: SQL status: SUCCESS 0 in 0.199 seconds
[0m22:34:51.364950 [debug] [MainThread]: Sending event: {'category': 'dbt', 'action': 'runnable_timing', 'label': 'dfc09851-a0de-4bc1-bf40-7bf96a232b42', 'context': [<snowplow_tracker.self_describing_json.SelfDescribingJson object at 0x00000206AC706000>]}
[0m22:34:51.372501 [debug] [Thread-2 (]: Began running node sql_operation.snowflake_dbt_project.inline_query
[0m22:34:51.373131 [debug] [Thread-2 (]: Acquiring new snowflake connection 'sql_operation.snowflake_dbt_project.inline_query'
[0m22:34:51.373492 [debug] [Thread-2 (]: Began compiling node sql_operation.snowflake_dbt_project.inline_query
[0m22:34:51.380410 [debug] [Thread-2 (]: Writing injected SQL for node "sql_operation.snowflake_dbt_project.inline_query"
[0m22:34:51.384976 [debug] [Thread-2 (]: Began executing node sql_operation.snowflake_dbt_project.inline_query
[0m22:34:51.398758 [debug] [Thread-2 (]: Using snowflake connection "sql_operation.snowflake_dbt_project.inline_query"
[0m22:34:51.399220 [debug] [Thread-2 (]: On sql_operation.snowflake_dbt_project.inline_query: select table_schema, table_name from finance_db.information_schema.tables where table_schema not in ('INFORMATION_SCHEMA')
  
  limit 50
/* {"app": "dbt", "dbt_version": "1.12.0", "profile_name": "snowflake_dbt_project", "target_name": "dev", "node_id": "sql_operation.snowflake_dbt_project.inline_query"} */
[0m22:34:51.399602 [debug] [Thread-2 (]: Opening a new connection, currently in state init
[0m22:34:54.646845 [debug] [Thread-2 (]: SQL status: SUCCESS 6 in 3.247 seconds
[0m22:34:54.655084 [debug] [Thread-2 (]: Finished running node sql_operation.snowflake_dbt_project.inline_query
[0m22:34:54.656394 [debug] [MainThread]: Connection 'master' was properly closed.
[0m22:34:54.656773 [debug] [MainThread]: Connection 'list_finance_db_raw' was left open.
[0m22:34:54.657081 [debug] [MainThread]: On list_finance_db_raw: Close
[0m22:34:55.077973 [debug] [MainThread]: Connection 'sql_operation.snowflake_dbt_project.inline_query' was left open.
[0m22:34:55.078646 [debug] [MainThread]: On sql_operation.snowflake_dbt_project.inline_query: Close
[0m22:34:55.489073 [debug] [MainThread]: Command end result
[0m22:34:55.524280 [debug] [MainThread]: Wrote artifact WritableManifest to E:\snowflake - dbt project\snowflake_dbt_project\target\manifest.json
[0m22:34:55.528266 [debug] [MainThread]: Wrote artifact SemanticManifest to E:\snowflake - dbt project\snowflake_dbt_project\target\semantic_manifest.json
[0m22:34:55.531609 [debug] [MainThread]: Wrote artifact OsiDocument to E:\snowflake - dbt project\snowflake_dbt_project\target\osi_document.json
[0m22:34:55.540223 [debug] [MainThread]: Wrote artifact RunExecutionResult to E:\snowflake - dbt project\snowflake_dbt_project\target\run_results.json
[0m22:34:55.540857 [info ] [MainThread]: Previewing inline node:
| TABLE_SCHEMA | TABLE_NAME          |
| ------------ | ------------------- |
| RAW          | PRODUCTS            |
| RAW          | ORDER_ITEMS         |
| RAW          | CUSTOMERS           |
| RAW          | MY_FIRST_DBT_MODEL  |
| RAW          | MY_SECOND_DBT_MODEL |
| RAW          | ORDERS              |

[0m22:34:55.542982 [debug] [MainThread]: Command `dbt show` succeeded at 22:34:55.542879 after 8.29 seconds
[0m22:34:55.543477 [debug] [MainThread]: Sending event: {'category': 'dbt', 'action': 'invocation', 'label': 'end', 'context': [<snowplow_tracker.self_describing_json.SelfDescribingJson object at 0x00000206AC9B53D0>, <snowplow_tracker.self_describing_json.SelfDescribingJson object at 0x00000206AC861E90>, <snowplow_tracker.self_describing_json.SelfDescribingJson object at 0x00000206AC861BD0>]}
[0m22:34:55.543993 [debug] [MainThread]: Flushing usage events
[0m22:34:56.241462 [debug] [MainThread]: An error was encountered while trying to flush usage events
[0m22:35:43.470232 [debug] [MainThread]: Sending event: {'category': 'dbt', 'action': 'invocation', 'label': 'start', 'context': [<snowplow_tracker.self_describing_json.SelfDescribingJson object at 0x0000016B1F308590>, <snowplow_tracker.self_describing_json.SelfDescribingJson object at 0x0000016B1C890B90>, <snowplow_tracker.self_describing_json.SelfDescribingJson object at 0x0000016B21897C50>]}


============================== 22:35:43.474429 | 2e62059b-8a90-4ad3-bdea-05bc0ebb6faf ==============================
[0m22:35:43.474429 [info ] [MainThread]: Running with dbt=1.12.0
[0m22:35:43.475056 [debug] [MainThread]: running dbt with arguments {'static_parser': 'True', 'no_print': 'None', 'maximum_seed_size_mib': '1', 'target_path': 'None', 'version_check': 'True', 'warn_error_options': 'WarnErrorOptionsV2(error=[], warn=[], silence=[])', 'printer_width': '80', 'write_json': 'True', 'introspect': 'True', 'log_cache_events': 'False', 'empty': 'False', 'cache_selected_only': 'False', 'fail_fast': 'False', 'debug': 'False', 'log_format': 'default', 'profiles_dir': 'C:\\Users\\hamad\\.dbt', 'send_anonymous_usage_stats': 'True', 'quiet': 'False', 'warn_error': 'None', 'partial_parse': 'True', 'use_colors': 'True', 'hints_enabled': 'True', 'indirect_selection': 'eager', 'use_experimental_parser': 'False', 'invocation_command': 'dbt run --select staging.*', 'log_path': 'E:\\snowflake - dbt project\\snowflake_dbt_project\\logs'}
[0m22:35:43.966031 [debug] [MainThread]: Snowflake adapter: Setting snowflake.connector to ERROR (file logging only)
[0m22:35:43.966541 [debug] [MainThread]: Snowflake adapter: Setting botocore to ERROR (file logging only)
[0m22:35:43.967149 [debug] [MainThread]: Snowflake adapter: Setting boto3 to ERROR (file logging only)
[0m22:35:44.252557 [debug] [MainThread]: Sending event: {'category': 'dbt', 'action': 'project_id', 'label': '2e62059b-8a90-4ad3-bdea-05bc0ebb6faf', 'context': [<snowplow_tracker.self_describing_json.SelfDescribingJson object at 0x0000016B2344C770>]}
[0m22:35:44.337017 [debug] [MainThread]: Sending event: {'category': 'dbt', 'action': 'adapter_info', 'label': '2e62059b-8a90-4ad3-bdea-05bc0ebb6faf', 'context': [<snowplow_tracker.self_describing_json.SelfDescribingJson object at 0x0000016B1C81C490>]}
[0m22:35:44.338515 [info ] [MainThread]: Registered adapter: snowflake=1.12.0
[0m22:35:44.700120 [debug] [MainThread]: checksum: e2b009bdcd63f6a60a6dac58a2fb29818fa8d66ceac39f6312dc6f7f86b2acaf, vars: {}, profile: snowflake_dbt_project, target: dev, version: 1.12.0
[0m22:35:44.883546 [debug] [MainThread]: Partial parsing enabled: 0 files deleted, 0 files added, 1 files changed.
[0m22:35:44.885051 [debug] [MainThread]: Partial parsing: updated file: snowflake_dbt_project://models\example\sources.yml
[0m22:35:45.446970 [warn ] [MainThread]: [[33mWARNING[0m]: Configuration paths exist in your dbt_project.yml file which do not apply to any resources.
There are 1 unused configuration paths:
- models.snowflake_dbt_project.marts
[0m22:35:45.450875 [debug] [MainThread]: Sending event: {'category': 'dbt', 'action': 'load_project', 'label': '2e62059b-8a90-4ad3-bdea-05bc0ebb6faf', 'context': [<snowplow_tracker.self_describing_json.SelfDescribingJson object at 0x0000016B24B26850>]}
[0m22:35:45.556519 [debug] [MainThread]: Wrote artifact WritableManifest to E:\snowflake - dbt project\snowflake_dbt_project\target\manifest.json
[0m22:35:45.561256 [debug] [MainThread]: Wrote artifact SemanticManifest to E:\snowflake - dbt project\snowflake_dbt_project\target\semantic_manifest.json
[0m22:35:45.590500 [debug] [MainThread]: Wrote artifact OsiDocument to E:\snowflake - dbt project\snowflake_dbt_project\target\osi_document.json
[0m22:35:45.603765 [debug] [MainThread]: Sending event: {'category': 'dbt', 'action': 'resource_counts', 'label': '2e62059b-8a90-4ad3-bdea-05bc0ebb6faf', 'context': [<snowplow_tracker.self_describing_json.SelfDescribingJson object at 0x0000016B24F24E60>]}
[0m22:35:45.604292 [info ] [MainThread]: Found 4 models, 4 sources, 545 macros
[0m22:35:45.604739 [debug] [MainThread]: Sending event: {'category': 'dbt', 'action': 'runnable_timing', 'label': '2e62059b-8a90-4ad3-bdea-05bc0ebb6faf', 'context': [<snowplow_tracker.self_describing_json.SelfDescribingJson object at 0x0000016B24F0BE70>]}
[0m22:35:45.606701 [info ] [MainThread]: 
[0m22:35:45.607105 [info ] [MainThread]: Concurrency: 4 threads (target='dev')
[0m22:35:45.607437 [info ] [MainThread]: 
[0m22:35:45.607976 [debug] [MainThread]: Acquiring new snowflake connection 'master'
[0m22:35:45.613701 [debug] [ThreadPool]: Acquiring new snowflake connection 'list_finance_db'
[0m22:35:45.629514 [debug] [ThreadPool]: Using snowflake connection "list_finance_db"
[0m22:35:45.629927 [debug] [ThreadPool]: On list_finance_db: show terse schemas in database finance_db
    limit 10000
/* {"app": "dbt", "dbt_version": "1.12.0", "profile_name": "snowflake_dbt_project", "target_name": "dev", "connection_name": "list_finance_db"} */
[0m22:35:45.630272 [debug] [ThreadPool]: Opening a new connection, currently in state init
[0m22:35:47.412419 [debug] [ThreadPool]: SQL status: SUCCESS 3 in 1.782 seconds
[0m22:35:47.416169 [debug] [ThreadPool]: Acquiring new snowflake connection 'list_finance_db_raw'
[0m22:35:47.441318 [debug] [ThreadPool]: Using snowflake connection "list_finance_db_raw"
[0m22:35:47.441767 [debug] [ThreadPool]: On list_finance_db_raw: show objects in finance_db.raw
    limit 10000
    

/* {"app": "dbt", "dbt_version": "1.12.0", "profile_name": "snowflake_dbt_project", "target_name": "dev", "connection_name": "list_finance_db_raw"} */;
[0m22:35:47.442088 [debug] [ThreadPool]: Opening a new connection, currently in state init
[0m22:35:49.106764 [debug] [ThreadPool]: SQL status: SUCCESS 6 in 1.665 seconds
[0m22:35:49.119060 [debug] [ThreadPool]: Using snowflake connection "list_finance_db_raw"
[0m22:35:49.119646 [debug] [ThreadPool]: On list_finance_db_raw: show user functions in finance_db.raw
/* {"app": "dbt", "dbt_version": "1.12.0", "profile_name": "snowflake_dbt_project", "target_name": "dev", "connection_name": "list_finance_db_raw"} */
[0m22:35:49.331979 [debug] [ThreadPool]: SQL status: SUCCESS 0 in 0.212 seconds
[0m22:35:49.336604 [debug] [MainThread]: Sending event: {'category': 'dbt', 'action': 'runnable_timing', 'label': '2e62059b-8a90-4ad3-bdea-05bc0ebb6faf', 'context': [<snowplow_tracker.self_describing_json.SelfDescribingJson object at 0x0000016B24F5DBF0>]}
[0m22:35:49.348969 [debug] [Thread-3 (]: Began running node model.snowflake_dbt_project.stg_order_items
[0m22:35:49.349533 [debug] [Thread-4 (]: Began running node model.snowflake_dbt_project.stg_orders
[0m22:35:49.349927 [debug] [Thread-2 (]: Began running node model.snowflake_dbt_project.stg_customers
[0m22:35:49.350354 [debug] [Thread-5 (]: Began running node model.snowflake_dbt_project.stg_products
[0m22:35:49.351035 [info ] [Thread-3 (]: 2 of 4 START sql view model raw.stg_order_items ................................ [RUN]
[0m22:35:49.354801 [debug] [Thread-3 (]: Acquiring new snowflake connection 'model.snowflake_dbt_project.stg_order_items'
[0m22:35:49.355348 [debug] [Thread-3 (]: Began compiling node model.snowflake_dbt_project.stg_order_items
[0m22:35:49.352526 [info ] [Thread-4 (]: 3 of 4 START sql view model raw.stg_orders ..................................... [RUN]
[0m22:35:49.361322 [debug] [Thread-4 (]: Acquiring new snowflake connection 'model.snowflake_dbt_project.stg_orders'
[0m22:35:49.353202 [info ] [Thread-2 (]: 1 of 4 START sql view model raw.stg_customers .................................. [RUN]
[0m22:35:49.354136 [info ] [Thread-5 (]: 4 of 4 START sql view model raw.stg_products ................................... [RUN]
[0m22:35:49.364654 [debug] [Thread-3 (]: Writing injected SQL for node "model.snowflake_dbt_project.stg_order_items"
[0m22:35:49.365135 [debug] [Thread-4 (]: Began compiling node model.snowflake_dbt_project.stg_orders
[0m22:35:49.365735 [debug] [Thread-2 (]: Acquiring new snowflake connection 'model.snowflake_dbt_project.stg_customers'
[0m22:35:49.366338 [debug] [Thread-5 (]: Acquiring new snowflake connection 'model.snowflake_dbt_project.stg_products'
[0m22:35:49.371558 [debug] [Thread-5 (]: Began compiling node model.snowflake_dbt_project.stg_products
[0m22:35:49.373406 [debug] [Thread-5 (]: Writing injected SQL for node "model.snowflake_dbt_project.stg_products"
[0m22:35:49.373966 [debug] [Thread-3 (]: Began executing node model.snowflake_dbt_project.stg_order_items
[0m22:35:49.371072 [debug] [Thread-2 (]: Began compiling node model.snowflake_dbt_project.stg_customers
[0m22:35:49.370541 [debug] [Thread-4 (]: Writing injected SQL for node "model.snowflake_dbt_project.stg_orders"
[0m22:35:49.397463 [debug] [Thread-2 (]: Writing injected SQL for node "model.snowflake_dbt_project.stg_customers"
[0m22:35:49.428721 [debug] [Thread-5 (]: Began executing node model.snowflake_dbt_project.stg_products
[0m22:35:49.435059 [debug] [Thread-5 (]: Writing runtime sql for node "model.snowflake_dbt_project.stg_products"
[0m22:35:49.430035 [debug] [Thread-3 (]: Writing runtime sql for node "model.snowflake_dbt_project.stg_order_items"
[0m22:35:49.436856 [debug] [Thread-4 (]: Began executing node model.snowflake_dbt_project.stg_orders
[0m22:35:49.440869 [debug] [Thread-4 (]: Writing runtime sql for node "model.snowflake_dbt_project.stg_orders"
[0m22:35:49.442443 [debug] [Thread-5 (]: Using snowflake connection "model.snowflake_dbt_project.stg_products"
[0m22:35:49.444175 [debug] [Thread-5 (]: On model.snowflake_dbt_project.stg_products: create or replace   view finance_db.raw.stg_products
  
  
  
  
  as (
    select 
id as propuct_id,
name as product_name,  
category as product_category,
price as product_price,
from finance_db.raw.products
  )
/* {"app": "dbt", "dbt_version": "1.12.0", "profile_name": "snowflake_dbt_project", "target_name": "dev", "node_id": "model.snowflake_dbt_project.stg_products"} */;
[0m22:35:49.445119 [debug] [Thread-5 (]: Opening a new connection, currently in state init
[0m22:35:49.446410 [debug] [Thread-3 (]: Using snowflake connection "model.snowflake_dbt_project.stg_order_items"
[0m22:35:49.448195 [debug] [Thread-3 (]: On model.snowflake_dbt_project.stg_order_items: create or replace   view finance_db.raw.stg_order_items
  
  
  
  
  as (
    select 
id as item_id,
order_id,
product_id,
quantity,
unit_price,
total_price = (quantity * unit_price)
from finance_db.raw.order_items
  )
/* {"app": "dbt", "dbt_version": "1.12.0", "profile_name": "snowflake_dbt_project", "target_name": "dev", "node_id": "model.snowflake_dbt_project.stg_order_items"} */;
[0m22:35:49.450257 [debug] [Thread-3 (]: Opening a new connection, currently in state init
[0m22:35:49.447104 [debug] [Thread-2 (]: Began executing node model.snowflake_dbt_project.stg_customers
[0m22:35:49.449497 [debug] [Thread-4 (]: Using snowflake connection "model.snowflake_dbt_project.stg_orders"
[0m22:35:49.456859 [debug] [Thread-4 (]: On model.snowflake_dbt_project.stg_orders: create or replace   view finance_db.raw.stg_orders
  
  
  
  
  as (
    select 
id as order_id,
customer_id,
order_date,
status as order_status
from finance_db.raw.orders
  )
/* {"app": "dbt", "dbt_version": "1.12.0", "profile_name": "snowflake_dbt_project", "target_name": "dev", "node_id": "model.snowflake_dbt_project.stg_orders"} */;
[0m22:35:49.455832 [debug] [Thread-2 (]: Writing runtime sql for node "model.snowflake_dbt_project.stg_customers"
[0m22:35:49.457714 [debug] [Thread-4 (]: Opening a new connection, currently in state init
[0m22:35:49.463846 [debug] [Thread-2 (]: Using snowflake connection "model.snowflake_dbt_project.stg_customers"
[0m22:35:49.464980 [debug] [Thread-2 (]: On model.snowflake_dbt_project.stg_customers: create or replace   view finance_db.raw.stg_customers
  
  
  
  
  as (
    select 
id as customer_id,
name as customer_name, 
email ,
country from finance_db.raw.customers
  )
/* {"app": "dbt", "dbt_version": "1.12.0", "profile_name": "snowflake_dbt_project", "target_name": "dev", "node_id": "model.snowflake_dbt_project.stg_customers"} */;
[0m22:35:49.465668 [debug] [Thread-2 (]: Opening a new connection, currently in state init
[0m22:35:51.308304 [debug] [Thread-3 (]: Snowflake adapter: Snowflake query id: 01c636f7-0202-ab00-001e-0377000f401e
[0m22:35:51.308731 [debug] [Thread-3 (]: Snowflake adapter: Snowflake error: 000904 (42000): SQL compilation error: error line 13 at position 0
invalid identifier 'TOTAL_PRICE'
[0m22:35:51.315345 [debug] [Thread-3 (]: Database Error in model stg_order_items (models\staging\stg_order_items.sql)
  000904 (42000): SQL compilation error: error line 13 at position 0
  invalid identifier 'TOTAL_PRICE'
  compiled code at target\run\snowflake_dbt_project\models\staging\stg_order_items.sql
[0m22:35:51.317521 [debug] [Thread-3 (]: Sending event: {'category': 'dbt', 'action': 'run_model', 'label': '2e62059b-8a90-4ad3-bdea-05bc0ebb6faf', 'context': [<snowplow_tracker.self_describing_json.SelfDescribingJson object at 0x0000016B2514F1D0>]}
[0m22:35:51.318774 [error] [Thread-3 (]: 2 of 4 ERROR creating sql view model raw.stg_order_items ....................... [[31mERROR[0m in 1.96s]
[0m22:35:51.319585 [debug] [Thread-3 (]: Finished running node model.snowflake_dbt_project.stg_order_items
[0m22:35:51.320258 [debug] [Thread-8 (]: Marking all children of 'model.snowflake_dbt_project.stg_order_items' to be skipped because of status 'error'.  Reason: Database Error in model stg_order_items (models\staging\stg_order_items.sql)
  000904 (42000): SQL compilation error: error line 13 at position 0
  invalid identifier 'TOTAL_PRICE'
  compiled code at target\run\snowflake_dbt_project\models\staging\stg_order_items.sql.
[0m22:35:51.475871 [debug] [Thread-5 (]: SQL status: SUCCESS 1 in 2.031 seconds
[0m22:35:51.505504 [debug] [Thread-5 (]: Sending event: {'category': 'dbt', 'action': 'run_model', 'label': '2e62059b-8a90-4ad3-bdea-05bc0ebb6faf', 'context': [<snowplow_tracker.self_describing_json.SelfDescribingJson object at 0x0000016B2521EE60>]}
[0m22:35:51.506161 [info ] [Thread-5 (]: 4 of 4 OK created sql view model raw.stg_products .............................. [[32mSUCCESS 1[0m in 2.14s]
[0m22:35:51.506783 [debug] [Thread-5 (]: Finished running node model.snowflake_dbt_project.stg_products
[0m22:35:51.507984 [debug] [Thread-2 (]: SQL status: SUCCESS 1 in 2.042 seconds
[0m22:35:51.510995 [debug] [Thread-2 (]: Sending event: {'category': 'dbt', 'action': 'run_model', 'label': '2e62059b-8a90-4ad3-bdea-05bc0ebb6faf', 'context': [<snowplow_tracker.self_describing_json.SelfDescribingJson object at 0x0000016B25276850>]}
[0m22:35:51.511699 [info ] [Thread-2 (]: 1 of 4 OK created sql view model raw.stg_customers ............................. [[32mSUCCESS 1[0m in 2.15s]
[0m22:35:51.512346 [debug] [Thread-2 (]: Finished running node model.snowflake_dbt_project.stg_customers
[0m22:35:51.552339 [debug] [Thread-4 (]: SQL status: SUCCESS 1 in 2.094 seconds
[0m22:35:51.555159 [debug] [Thread-4 (]: Sending event: {'category': 'dbt', 'action': 'run_model', 'label': '2e62059b-8a90-4ad3-bdea-05bc0ebb6faf', 'context': [<snowplow_tracker.self_describing_json.SelfDescribingJson object at 0x0000016B24F33750>]}
[0m22:35:51.555783 [info ] [Thread-4 (]: 3 of 4 OK created sql view model raw.stg_orders ................................ [[32mSUCCESS 1[0m in 2.19s]
[0m22:35:51.556355 [debug] [Thread-4 (]: Finished running node model.snowflake_dbt_project.stg_orders
[0m22:35:51.557776 [debug] [MainThread]: Connection 'master' was properly closed.
[0m22:35:51.558086 [debug] [MainThread]: Connection 'list_finance_db' was left open.
[0m22:35:51.558416 [debug] [MainThread]: On list_finance_db: Close
[0m22:35:51.941807 [debug] [MainThread]: Connection 'list_finance_db_raw' was left open.
[0m22:35:51.942326 [debug] [MainThread]: On list_finance_db_raw: Close
[0m22:35:52.323773 [debug] [MainThread]: Connection 'model.snowflake_dbt_project.stg_order_items' was left open.
[0m22:35:52.324209 [debug] [MainThread]: On model.snowflake_dbt_project.stg_order_items: Close
[0m22:35:52.693105 [debug] [MainThread]: Connection 'model.snowflake_dbt_project.stg_orders' was left open.
[0m22:35:52.694115 [debug] [MainThread]: On model.snowflake_dbt_project.stg_orders: Close
[0m22:35:53.056986 [debug] [MainThread]: Connection 'model.snowflake_dbt_project.stg_customers' was left open.
[0m22:35:53.057435 [debug] [MainThread]: On model.snowflake_dbt_project.stg_customers: Close
[0m22:35:53.425125 [debug] [MainThread]: Connection 'model.snowflake_dbt_project.stg_products' was left open.
[0m22:35:53.425659 [debug] [MainThread]: On model.snowflake_dbt_project.stg_products: Close
[0m22:35:53.894685 [info ] [MainThread]: 
[0m22:35:53.895213 [info ] [MainThread]: Finished running 4 view models in 0 hours 0 minutes and 8.29 seconds (8.29s).
[0m22:35:53.896393 [debug] [MainThread]: Command end result
[0m22:35:53.936908 [debug] [MainThread]: Wrote artifact WritableManifest to E:\snowflake - dbt project\snowflake_dbt_project\target\manifest.json
[0m22:35:53.940181 [debug] [MainThread]: Wrote artifact SemanticManifest to E:\snowflake - dbt project\snowflake_dbt_project\target\semantic_manifest.json
[0m22:35:53.944284 [debug] [MainThread]: Wrote artifact OsiDocument to E:\snowflake - dbt project\snowflake_dbt_project\target\osi_document.json
[0m22:35:53.952156 [debug] [MainThread]: Wrote artifact RunExecutionResult to E:\snowflake - dbt project\snowflake_dbt_project\target\run_results.json
[0m22:35:53.952706 [info ] [MainThread]: 
[0m22:35:53.953134 [info ] [MainThread]: [31mCompleted with 1 error, 0 partial successes, and 0 warnings:[0m
[0m22:35:53.953505 [info ] [MainThread]: 
[0m22:35:53.953930 [error] [MainThread]: [[31mERROR[0m]: in model stg_order_items (models\staging\stg_order_items.sql)
[0m22:35:53.954323 [error] [MainThread]:   Database Error in model stg_order_items (models\staging\stg_order_items.sql)
  000904 (42000): SQL compilation error: error line 13 at position 0
  invalid identifier 'TOTAL_PRICE'
  compiled code at target\run\snowflake_dbt_project\models\staging\stg_order_items.sql
[0m22:35:53.954651 [info ] [MainThread]: 
[0m22:35:53.955042 [info ] [MainThread]:   compiled code at target\compiled\snowflake_dbt_project\models\staging\stg_order_items.sql
[0m22:35:53.955361 [info ] [MainThread]: 
[0m22:35:53.955707 [info ] [MainThread]: Done. PASS=3 WARN=0 ERROR=1 SKIP=0 NO-OP=0 REUSED=0 TOTAL=4
[0m22:35:53.956430 [debug] [MainThread]: Command `dbt run` failed at 22:35:53.956316 after 10.74 seconds
[0m22:35:53.956810 [debug] [MainThread]: Sending event: {'category': 'dbt', 'action': 'invocation', 'label': 'end', 'context': [<snowplow_tracker.self_describing_json.SelfDescribingJson object at 0x0000016B218BA9E0>, <snowplow_tracker.self_describing_json.SelfDescribingJson object at 0x0000016B2166DE10>, <snowplow_tracker.self_describing_json.SelfDescribingJson object at 0x0000016B1F461430>]}
[0m22:35:53.957205 [debug] [MainThread]: Flushing usage events
[0m22:35:54.945127 [debug] [MainThread]: An error was encountered while trying to flush usage events
[0m22:36:22.754067 [debug] [MainThread]: Sending event: {'category': 'dbt', 'action': 'invocation', 'label': 'start', 'context': [<snowplow_tracker.self_describing_json.SelfDescribingJson object at 0x000001E85B734590>, <snowplow_tracker.self_describing_json.SelfDescribingJson object at 0x000001E858CA0B90>, <snowplow_tracker.self_describing_json.SelfDescribingJson object at 0x000001E85DCC7C50>]}


============================== 22:36:22.758326 | 6f2dd37a-66c5-43be-805a-86b982badcae ==============================
[0m22:36:22.758326 [info ] [MainThread]: Running with dbt=1.12.0
[0m22:36:22.759097 [debug] [MainThread]: running dbt with arguments {'maximum_seed_size_mib': '1', 'no_print': 'None', 'version_check': 'True', 'target_path': 'None', 'static_parser': 'True', 'warn_error_options': 'WarnErrorOptionsV2(error=[], warn=[], silence=[])', 'printer_width': '80', 'write_json': 'True', 'empty': 'False', 'log_cache_events': 'False', 'introspect': 'True', 'cache_selected_only': 'False', 'log_format': 'default', 'debug': 'False', 'fail_fast': 'False', 'partial_parse': 'True', 'send_anonymous_usage_stats': 'True', 'quiet': 'False', 'warn_error': 'None', 'profiles_dir': 'C:\\Users\\hamad\\.dbt', 'use_colors': 'True', 'hints_enabled': 'True', 'invocation_command': 'dbt run', 'use_experimental_parser': 'False', 'indirect_selection': 'eager', 'log_path': 'E:\\snowflake - dbt project\\snowflake_dbt_project\\logs'}
[0m22:36:23.301064 [debug] [MainThread]: Snowflake adapter: Setting snowflake.connector to ERROR (file logging only)
[0m22:36:23.301982 [debug] [MainThread]: Snowflake adapter: Setting botocore to ERROR (file logging only)
[0m22:36:23.302756 [debug] [MainThread]: Snowflake adapter: Setting boto3 to ERROR (file logging only)
[0m22:36:23.607988 [debug] [MainThread]: Sending event: {'category': 'dbt', 'action': 'project_id', 'label': '6f2dd37a-66c5-43be-805a-86b982badcae', 'context': [<snowplow_tracker.self_describing_json.SelfDescribingJson object at 0x000001E85F8A0640>]}
[0m22:36:23.688544 [debug] [MainThread]: Sending event: {'category': 'dbt', 'action': 'adapter_info', 'label': '6f2dd37a-66c5-43be-805a-86b982badcae', 'context': [<snowplow_tracker.self_describing_json.SelfDescribingJson object at 0x000001E858C1C490>]}
[0m22:36:23.690005 [info ] [MainThread]: Registered adapter: snowflake=1.12.0
[0m22:36:24.056215 [debug] [MainThread]: checksum: e2b009bdcd63f6a60a6dac58a2fb29818fa8d66ceac39f6312dc6f7f86b2acaf, vars: {}, profile: snowflake_dbt_project, target: dev, version: 1.12.0
[0m22:36:24.215488 [debug] [MainThread]: Partial parsing enabled: 0 files deleted, 0 files added, 1 files changed.
[0m22:36:24.216050 [debug] [MainThread]: Partial parsing: updated file: snowflake_dbt_project://models\staging\stg_order_items.sql
[0m22:36:24.544190 [warn ] [MainThread]: [[33mWARNING[0m]: Configuration paths exist in your dbt_project.yml file which do not apply to any resources.
There are 1 unused configuration paths:
- models.snowflake_dbt_project.marts
[0m22:36:24.588520 [debug] [MainThread]: Sending event: {'category': 'dbt', 'action': 'load_project', 'label': '6f2dd37a-66c5-43be-805a-86b982badcae', 'context': [<snowplow_tracker.self_describing_json.SelfDescribingJson object at 0x000001E860F64250>]}
[0m22:36:24.723552 [debug] [MainThread]: Wrote artifact WritableManifest to E:\snowflake - dbt project\snowflake_dbt_project\target\manifest.json
[0m22:36:24.727110 [debug] [MainThread]: Wrote artifact SemanticManifest to E:\snowflake - dbt project\snowflake_dbt_project\target\semantic_manifest.json
[0m22:36:24.757230 [debug] [MainThread]: Wrote artifact OsiDocument to E:\snowflake - dbt project\snowflake_dbt_project\target\osi_document.json
[0m22:36:24.771644 [debug] [MainThread]: Sending event: {'category': 'dbt', 'action': 'resource_counts', 'label': '6f2dd37a-66c5-43be-805a-86b982badcae', 'context': [<snowplow_tracker.self_describing_json.SelfDescribingJson object at 0x000001E861276C60>]}
[0m22:36:24.772508 [info ] [MainThread]: Found 4 models, 4 sources, 545 macros
[0m22:36:24.773264 [debug] [MainThread]: Sending event: {'category': 'dbt', 'action': 'runnable_timing', 'label': '6f2dd37a-66c5-43be-805a-86b982badcae', 'context': [<snowplow_tracker.self_describing_json.SelfDescribingJson object at 0x000001E86129A890>]}
[0m22:36:24.775493 [info ] [MainThread]: 
[0m22:36:24.776234 [info ] [MainThread]: Concurrency: 4 threads (target='dev')
[0m22:36:24.776778 [info ] [MainThread]: 
[0m22:36:24.777317 [debug] [MainThread]: Acquiring new snowflake connection 'master'
[0m22:36:24.782639 [debug] [ThreadPool]: Acquiring new snowflake connection 'list_finance_db'
[0m22:36:24.797482 [debug] [ThreadPool]: Using snowflake connection "list_finance_db"
[0m22:36:24.797895 [debug] [ThreadPool]: On list_finance_db: show terse schemas in database finance_db
    limit 10000
/* {"app": "dbt", "dbt_version": "1.12.0", "profile_name": "snowflake_dbt_project", "target_name": "dev", "connection_name": "list_finance_db"} */
[0m22:36:24.798249 [debug] [ThreadPool]: Opening a new connection, currently in state init
[0m22:36:26.736262 [debug] [ThreadPool]: SQL status: SUCCESS 3 in 1.938 seconds
[0m22:36:26.741009 [debug] [ThreadPool]: Acquiring new snowflake connection 'list_finance_db_raw'
[0m22:36:26.757184 [debug] [ThreadPool]: Using snowflake connection "list_finance_db_raw"
[0m22:36:26.757623 [debug] [ThreadPool]: On list_finance_db_raw: show objects in finance_db.raw
    limit 10000
    

/* {"app": "dbt", "dbt_version": "1.12.0", "profile_name": "snowflake_dbt_project", "target_name": "dev", "connection_name": "list_finance_db_raw"} */;
[0m22:36:26.757931 [debug] [ThreadPool]: Opening a new connection, currently in state init
[0m22:36:28.467778 [debug] [ThreadPool]: SQL status: SUCCESS 9 in 1.710 seconds
[0m22:36:28.475528 [debug] [ThreadPool]: Using snowflake connection "list_finance_db_raw"
[0m22:36:28.476438 [debug] [ThreadPool]: On list_finance_db_raw: show user functions in finance_db.raw
/* {"app": "dbt", "dbt_version": "1.12.0", "profile_name": "snowflake_dbt_project", "target_name": "dev", "connection_name": "list_finance_db_raw"} */
[0m22:36:28.828313 [debug] [ThreadPool]: SQL status: SUCCESS 0 in 0.351 seconds
[0m22:36:28.831700 [debug] [MainThread]: Sending event: {'category': 'dbt', 'action': 'runnable_timing', 'label': '6f2dd37a-66c5-43be-805a-86b982badcae', 'context': [<snowplow_tracker.self_describing_json.SelfDescribingJson object at 0x000001E861307BA0>]}
[0m22:36:28.836439 [debug] [Thread-3 (]: Began running node model.snowflake_dbt_project.stg_order_items
[0m22:36:28.836951 [debug] [Thread-5 (]: Began running node model.snowflake_dbt_project.stg_products
[0m22:36:28.837357 [debug] [Thread-2 (]: Began running node model.snowflake_dbt_project.stg_customers
[0m22:36:28.837718 [debug] [Thread-4 (]: Began running node model.snowflake_dbt_project.stg_orders
[0m22:36:28.838214 [info ] [Thread-3 (]: 2 of 4 START sql view model raw.stg_order_items ................................ [RUN]
[0m22:36:28.840445 [debug] [Thread-3 (]: Acquiring new snowflake connection 'model.snowflake_dbt_project.stg_order_items'
[0m22:36:28.840805 [debug] [Thread-3 (]: Began compiling node model.snowflake_dbt_project.stg_order_items
[0m22:36:28.847123 [debug] [Thread-3 (]: Writing injected SQL for node "model.snowflake_dbt_project.stg_order_items"
[0m22:36:28.838771 [info ] [Thread-5 (]: 4 of 4 START sql view model raw.stg_products ................................... [RUN]
[0m22:36:28.848284 [debug] [Thread-5 (]: Acquiring new snowflake connection 'model.snowflake_dbt_project.stg_products'
[0m22:36:28.848943 [debug] [Thread-5 (]: Began compiling node model.snowflake_dbt_project.stg_products
[0m22:36:28.852565 [debug] [Thread-5 (]: Writing injected SQL for node "model.snowflake_dbt_project.stg_products"
[0m22:36:28.839822 [info ] [Thread-4 (]: 3 of 4 START sql view model raw.stg_orders ..................................... [RUN]
[0m22:36:28.839350 [info ] [Thread-2 (]: 1 of 4 START sql view model raw.stg_customers .................................. [RUN]
[0m22:36:28.854580 [debug] [Thread-2 (]: Acquiring new snowflake connection 'model.snowflake_dbt_project.stg_customers'
[0m22:36:28.854998 [debug] [Thread-2 (]: Began compiling node model.snowflake_dbt_project.stg_customers
[0m22:36:28.857144 [debug] [Thread-2 (]: Writing injected SQL for node "model.snowflake_dbt_project.stg_customers"
[0m22:36:28.853947 [debug] [Thread-3 (]: Began executing node model.snowflake_dbt_project.stg_order_items
[0m22:36:28.853507 [debug] [Thread-4 (]: Acquiring new snowflake connection 'model.snowflake_dbt_project.stg_orders'
[0m22:36:28.872426 [debug] [Thread-4 (]: Began compiling node model.snowflake_dbt_project.stg_orders
[0m22:36:28.874233 [debug] [Thread-4 (]: Writing injected SQL for node "model.snowflake_dbt_project.stg_orders"
[0m22:36:28.874685 [debug] [Thread-5 (]: Began executing node model.snowflake_dbt_project.stg_products
[0m22:36:28.895670 [debug] [Thread-5 (]: Writing runtime sql for node "model.snowflake_dbt_project.stg_products"
[0m22:36:28.891898 [debug] [Thread-3 (]: Writing runtime sql for node "model.snowflake_dbt_project.stg_order_items"
[0m22:36:28.896471 [debug] [Thread-2 (]: Began executing node model.snowflake_dbt_project.stg_customers
[0m22:36:28.899300 [debug] [Thread-2 (]: Writing runtime sql for node "model.snowflake_dbt_project.stg_customers"
[0m22:36:28.900242 [debug] [Thread-4 (]: Began executing node model.snowflake_dbt_project.stg_orders
[0m22:36:28.904452 [debug] [Thread-4 (]: Writing runtime sql for node "model.snowflake_dbt_project.stg_orders"
[0m22:36:28.905349 [debug] [Thread-2 (]: Using snowflake connection "model.snowflake_dbt_project.stg_customers"
[0m22:36:28.905742 [debug] [Thread-2 (]: On model.snowflake_dbt_project.stg_customers: create or replace   view finance_db.raw.stg_customers
  
  
  
  
  as (
    select 
id as customer_id,
name as customer_name, 
email ,
country from finance_db.raw.customers
  )
/* {"app": "dbt", "dbt_version": "1.12.0", "profile_name": "snowflake_dbt_project", "target_name": "dev", "node_id": "model.snowflake_dbt_project.stg_customers"} */;
[0m22:36:28.906133 [debug] [Thread-2 (]: Opening a new connection, currently in state init
[0m22:36:28.906818 [debug] [Thread-5 (]: Using snowflake connection "model.snowflake_dbt_project.stg_products"
[0m22:36:28.907203 [debug] [Thread-5 (]: On model.snowflake_dbt_project.stg_products: create or replace   view finance_db.raw.stg_products
  
  
  
  
  as (
    select 
id as propuct_id,
name as product_name,  
category as product_category,
price as product_price,
from finance_db.raw.products
  )
/* {"app": "dbt", "dbt_version": "1.12.0", "profile_name": "snowflake_dbt_project", "target_name": "dev", "node_id": "model.snowflake_dbt_project.stg_products"} */;
[0m22:36:28.907555 [debug] [Thread-5 (]: Opening a new connection, currently in state init
[0m22:36:28.908330 [debug] [Thread-3 (]: Using snowflake connection "model.snowflake_dbt_project.stg_order_items"
[0m22:36:28.908920 [debug] [Thread-3 (]: On model.snowflake_dbt_project.stg_order_items: create or replace   view finance_db.raw.stg_order_items
  
  
  
  
  as (
    select 
id as item_id,
order_id,
product_id,
quantity,
unit_price,
(quantity * unit_price) as total_price
from finance_db.raw.order_items
  )
/* {"app": "dbt", "dbt_version": "1.12.0", "profile_name": "snowflake_dbt_project", "target_name": "dev", "node_id": "model.snowflake_dbt_project.stg_order_items"} */;
[0m22:36:28.909706 [debug] [Thread-3 (]: Opening a new connection, currently in state init
[0m22:36:28.910949 [debug] [Thread-4 (]: Using snowflake connection "model.snowflake_dbt_project.stg_orders"
[0m22:36:28.911452 [debug] [Thread-4 (]: On model.snowflake_dbt_project.stg_orders: create or replace   view finance_db.raw.stg_orders
  
  
  
  
  as (
    select 
id as order_id,
customer_id,
order_date,
status as order_status
from finance_db.raw.orders
  )
/* {"app": "dbt", "dbt_version": "1.12.0", "profile_name": "snowflake_dbt_project", "target_name": "dev", "node_id": "model.snowflake_dbt_project.stg_orders"} */;
[0m22:36:28.911814 [debug] [Thread-4 (]: Opening a new connection, currently in state init
[0m22:36:30.210734 [debug] [Thread-2 (]: SQL status: SUCCESS 1 in 1.305 seconds
[0m22:36:30.248579 [debug] [Thread-2 (]: Sending event: {'category': 'dbt', 'action': 'run_model', 'label': '6f2dd37a-66c5-43be-805a-86b982badcae', 'context': [<snowplow_tracker.self_describing_json.SelfDescribingJson object at 0x000001E86158ED50>]}
[0m22:36:30.249419 [info ] [Thread-2 (]: 1 of 4 OK created sql view model raw.stg_customers ............................. [[32mSUCCESS 1[0m in 1.39s]
[0m22:36:30.250595 [debug] [Thread-2 (]: Finished running node model.snowflake_dbt_project.stg_customers
[0m22:36:30.439631 [debug] [Thread-3 (]: SQL status: SUCCESS 1 in 1.530 seconds
[0m22:36:30.443097 [debug] [Thread-3 (]: Sending event: {'category': 'dbt', 'action': 'run_model', 'label': '6f2dd37a-66c5-43be-805a-86b982badcae', 'context': [<snowplow_tracker.self_describing_json.SelfDescribingJson object at 0x000001E861485A70>]}
[0m22:36:30.444264 [info ] [Thread-3 (]: 2 of 4 OK created sql view model raw.stg_order_items ........................... [[32mSUCCESS 1[0m in 1.60s]
[0m22:36:30.445615 [debug] [Thread-3 (]: Finished running node model.snowflake_dbt_project.stg_order_items
[0m22:36:30.883824 [debug] [Thread-5 (]: SQL status: SUCCESS 1 in 1.976 seconds
[0m22:36:30.887528 [debug] [Thread-5 (]: Sending event: {'category': 'dbt', 'action': 'run_model', 'label': '6f2dd37a-66c5-43be-805a-86b982badcae', 'context': [<snowplow_tracker.self_describing_json.SelfDescribingJson object at 0x000001E86152FBB0>]}
[0m22:36:30.888189 [info ] [Thread-5 (]: 4 of 4 OK created sql view model raw.stg_products .............................. [[32mSUCCESS 1[0m in 2.04s]
[0m22:36:30.888830 [debug] [Thread-5 (]: Finished running node model.snowflake_dbt_project.stg_products
[0m22:36:30.910991 [debug] [Thread-4 (]: SQL status: SUCCESS 1 in 1.999 seconds
[0m22:36:30.913633 [debug] [Thread-4 (]: Sending event: {'category': 'dbt', 'action': 'run_model', 'label': '6f2dd37a-66c5-43be-805a-86b982badcae', 'context': [<snowplow_tracker.self_describing_json.SelfDescribingJson object at 0x000001E86160F0D0>]}
[0m22:36:30.914269 [info ] [Thread-4 (]: 3 of 4 OK created sql view model raw.stg_orders ................................ [[32mSUCCESS 1[0m in 2.06s]
[0m22:36:30.914895 [debug] [Thread-4 (]: Finished running node model.snowflake_dbt_project.stg_orders
[0m22:36:30.916405 [debug] [MainThread]: Connection 'master' was properly closed.
[0m22:36:30.916761 [debug] [MainThread]: Connection 'list_finance_db' was left open.
[0m22:36:30.917409 [debug] [MainThread]: On list_finance_db: Close
[0m22:36:31.336708 [debug] [MainThread]: Connection 'list_finance_db_raw' was left open.
[0m22:36:31.337139 [debug] [MainThread]: On list_finance_db_raw: Close
[0m22:36:31.757230 [debug] [MainThread]: Connection 'model.snowflake_dbt_project.stg_order_items' was left open.
[0m22:36:31.757679 [debug] [MainThread]: On model.snowflake_dbt_project.stg_order_items: Close
[0m22:36:32.135873 [debug] [MainThread]: Connection 'model.snowflake_dbt_project.stg_products' was left open.
[0m22:36:32.136495 [debug] [MainThread]: On model.snowflake_dbt_project.stg_products: Close
[0m22:36:32.640458 [debug] [MainThread]: Connection 'model.snowflake_dbt_project.stg_orders' was left open.
[0m22:36:32.640948 [debug] [MainThread]: On model.snowflake_dbt_project.stg_orders: Close
[0m22:36:33.015528 [debug] [MainThread]: Connection 'model.snowflake_dbt_project.stg_customers' was left open.
[0m22:36:33.016182 [debug] [MainThread]: On model.snowflake_dbt_project.stg_customers: Close
[0m22:36:33.380426 [info ] [MainThread]: 
[0m22:36:33.381392 [info ] [MainThread]: Finished running 4 view models in 0 hours 0 minutes and 8.60 seconds (8.60s).
[0m22:36:33.384258 [debug] [MainThread]: Command end result
[0m22:36:33.461130 [debug] [MainThread]: Wrote artifact WritableManifest to E:\snowflake - dbt project\snowflake_dbt_project\target\manifest.json
[0m22:36:33.466266 [debug] [MainThread]: Wrote artifact SemanticManifest to E:\snowflake - dbt project\snowflake_dbt_project\target\semantic_manifest.json
[0m22:36:33.471766 [debug] [MainThread]: Wrote artifact OsiDocument to E:\snowflake - dbt project\snowflake_dbt_project\target\osi_document.json
[0m22:36:33.483614 [debug] [MainThread]: Wrote artifact RunExecutionResult to E:\snowflake - dbt project\snowflake_dbt_project\target\run_results.json
[0m22:36:33.485110 [info ] [MainThread]: 
[0m22:36:33.485921 [info ] [MainThread]: [32mCompleted successfully[0m
[0m22:36:33.486438 [info ] [MainThread]: 
[0m22:36:33.486977 [info ] [MainThread]: Done. PASS=4 WARN=0 ERROR=0 SKIP=0 NO-OP=0 REUSED=0 TOTAL=4
[0m22:36:33.487983 [debug] [MainThread]: Command `dbt run` succeeded at 22:36:33.487804 after 11.02 seconds
[0m22:36:33.488489 [debug] [MainThread]: Sending event: {'category': 'dbt', 'action': 'invocation', 'label': 'end', 'context': [<snowplow_tracker.self_describing_json.SelfDescribingJson object at 0x000001E85DCEA9E0>, <snowplow_tracker.self_describing_json.SelfDescribingJson object at 0x000001E85DA9DE10>, <snowplow_tracker.self_describing_json.SelfDescribingJson object at 0x000001E85C033F50>]}
[0m22:36:33.489046 [debug] [MainThread]: Flushing usage events
[0m22:36:34.393937 [debug] [MainThread]: An error was encountered while trying to flush usage events
[0m00:40:38.565265 [debug] [MainThread]: Sending event: {'category': 'dbt', 'action': 'invocation', 'label': 'start', 'context': [<snowplow_tracker.self_describing_json.SelfDescribingJson object at 0x00000166F41B0590>, <snowplow_tracker.self_describing_json.SelfDescribingJson object at 0x00000166F1710B90>, <snowplow_tracker.self_describing_json.SelfDescribingJson object at 0x00000166F67479D0>]}


============================== 00:40:38.570995 | f0b12809-e6f9-4802-9914-5440f9465a49 ==============================
[0m00:40:38.570995 [info ] [MainThread]: Running with dbt=1.12.0
[0m00:40:38.571589 [debug] [MainThread]: running dbt with arguments {'maximum_seed_size_mib': '1', 'no_print': 'None', 'static_parser': 'True', 'target_path': 'None', 'warn_error_options': 'WarnErrorOptionsV2(error=[], warn=[], silence=[])', 'version_check': 'True', 'printer_width': '80', 'write_json': 'True', 'empty': 'False', 'log_cache_events': 'False', 'introspect': 'True', 'cache_selected_only': 'False', 'fail_fast': 'False', 'debug': 'False', 'log_format': 'default', 'profiles_dir': 'C:\\Users\\hamad\\.dbt', 'send_anonymous_usage_stats': 'True', 'quiet': 'False', 'warn_error': 'None', 'partial_parse': 'True', 'use_colors': 'True', 'hints_enabled': 'True', 'indirect_selection': 'eager', 'use_experimental_parser': 'False', 'invocation_command': 'dbt run', 'log_path': 'E:\\snowflake - dbt project\\snowflake_dbt_project\\logs'}
[0m00:40:39.610376 [debug] [MainThread]: Snowflake adapter: Setting snowflake.connector to ERROR (file logging only)
[0m00:40:39.610865 [debug] [MainThread]: Snowflake adapter: Setting botocore to ERROR (file logging only)
[0m00:40:39.611206 [debug] [MainThread]: Snowflake adapter: Setting boto3 to ERROR (file logging only)
[0m00:40:42.634895 [debug] [MainThread]: Sending event: {'category': 'dbt', 'action': 'project_id', 'label': 'f0b12809-e6f9-4802-9914-5440f9465a49', 'context': [<snowplow_tracker.self_describing_json.SelfDescribingJson object at 0x00000166F830C640>]}
[0m00:40:42.703061 [debug] [MainThread]: Sending event: {'category': 'dbt', 'action': 'adapter_info', 'label': 'f0b12809-e6f9-4802-9914-5440f9465a49', 'context': [<snowplow_tracker.self_describing_json.SelfDescribingJson object at 0x00000166F169C5A0>]}
[0m00:40:42.706322 [info ] [MainThread]: Registered adapter: snowflake=1.12.0
[0m00:40:43.314345 [debug] [MainThread]: checksum: e2b009bdcd63f6a60a6dac58a2fb29818fa8d66ceac39f6312dc6f7f86b2acaf, vars: {}, profile: snowflake_dbt_project, target: dev, version: 1.12.0
[0m00:40:44.807695 [debug] [MainThread]: Partial parsing enabled: 0 files deleted, 2 files added, 0 files changed.
[0m00:40:44.808203 [debug] [MainThread]: Partial parsing: added file: snowflake_dbt_project://models\marts\fct.daily_order_revenue.sql
[0m00:40:44.808569 [debug] [MainThread]: Partial parsing: added file: snowflake_dbt_project://tests\snowflake_test.yml
[0m00:40:45.111084 [debug] [MainThread]: Sending event: {'category': 'dbt', 'action': 'load_project', 'label': 'f0b12809-e6f9-4802-9914-5440f9465a49', 'context': [<snowplow_tracker.self_describing_json.SelfDescribingJson object at 0x00000166F99E1D50>]}
[0m00:40:45.205165 [debug] [MainThread]: Wrote artifact WritableManifest to E:\snowflake - dbt project\snowflake_dbt_project\target\manifest.json
[0m00:40:45.223558 [debug] [MainThread]: Wrote artifact SemanticManifest to E:\snowflake - dbt project\snowflake_dbt_project\target\semantic_manifest.json
[0m00:40:45.257323 [debug] [MainThread]: Wrote artifact OsiDocument to E:\snowflake - dbt project\snowflake_dbt_project\target\osi_document.json
[0m00:40:45.270686 [debug] [MainThread]: Sending event: {'category': 'dbt', 'action': 'resource_counts', 'label': 'f0b12809-e6f9-4802-9914-5440f9465a49', 'context': [<snowplow_tracker.self_describing_json.SelfDescribingJson object at 0x00000166F9D02E40>]}
[0m00:40:45.271286 [info ] [MainThread]: Found 5 models, 4 sources, 545 macros
[0m00:40:45.271937 [debug] [MainThread]: Sending event: {'category': 'dbt', 'action': 'runnable_timing', 'label': 'f0b12809-e6f9-4802-9914-5440f9465a49', 'context': [<snowplow_tracker.self_describing_json.SelfDescribingJson object at 0x00000166F9D2E430>]}
[0m00:40:45.274234 [info ] [MainThread]: 
[0m00:40:45.274823 [info ] [MainThread]: Concurrency: 4 threads (target='dev')
[0m00:40:45.275273 [info ] [MainThread]: 
[0m00:40:45.275894 [debug] [MainThread]: Acquiring new snowflake connection 'master'
[0m00:40:45.280236 [debug] [ThreadPool]: Acquiring new snowflake connection 'list_finance_db'
[0m00:40:45.293887 [debug] [ThreadPool]: Using snowflake connection "list_finance_db"
[0m00:40:45.294261 [debug] [ThreadPool]: On list_finance_db: show terse schemas in database finance_db
    limit 10000
/* {"app": "dbt", "dbt_version": "1.12.0", "profile_name": "snowflake_dbt_project", "target_name": "dev", "connection_name": "list_finance_db"} */
[0m00:40:45.294543 [debug] [ThreadPool]: Opening a new connection, currently in state init
[0m00:40:48.470637 [debug] [ThreadPool]: SQL status: SUCCESS 3 in 3.176 seconds
[0m00:40:48.473958 [debug] [ThreadPool]: Acquiring new snowflake connection 'list_finance_db_raw'
[0m00:40:48.487044 [debug] [ThreadPool]: Using snowflake connection "list_finance_db_raw"
[0m00:40:48.487481 [debug] [ThreadPool]: On list_finance_db_raw: show objects in finance_db.raw
    limit 10000
    

/* {"app": "dbt", "dbt_version": "1.12.0", "profile_name": "snowflake_dbt_project", "target_name": "dev", "connection_name": "list_finance_db_raw"} */;
[0m00:40:48.487908 [debug] [ThreadPool]: Opening a new connection, currently in state init
[0m00:40:49.410484 [debug] [ThreadPool]: SQL status: SUCCESS 10 in 0.923 seconds
[0m00:40:49.416780 [debug] [ThreadPool]: Using snowflake connection "list_finance_db_raw"
[0m00:40:49.417188 [debug] [ThreadPool]: On list_finance_db_raw: show user functions in finance_db.raw
/* {"app": "dbt", "dbt_version": "1.12.0", "profile_name": "snowflake_dbt_project", "target_name": "dev", "connection_name": "list_finance_db_raw"} */
[0m00:40:49.632271 [debug] [ThreadPool]: SQL status: SUCCESS 0 in 0.215 seconds
[0m00:40:49.635989 [debug] [MainThread]: Sending event: {'category': 'dbt', 'action': 'runnable_timing', 'label': 'f0b12809-e6f9-4802-9914-5440f9465a49', 'context': [<snowplow_tracker.self_describing_json.SelfDescribingJson object at 0x00000166F9E80600>]}
[0m00:40:49.642285 [debug] [Thread-3 (]: Began running node model.snowflake_dbt_project.stg_order_items
[0m00:40:49.642791 [debug] [Thread-5 (]: Began running node model.snowflake_dbt_project.stg_products
[0m00:40:49.643188 [debug] [Thread-4 (]: Began running node model.snowflake_dbt_project.stg_orders
[0m00:40:49.643566 [debug] [Thread-2 (]: Began running node model.snowflake_dbt_project.stg_customers
[0m00:40:49.645117 [info ] [Thread-4 (]: 3 of 4 START sql view model raw.stg_orders ..................................... [RUN]
[0m00:40:49.644078 [info ] [Thread-3 (]: 2 of 4 START sql view model raw.stg_order_items ................................ [RUN]
[0m00:40:49.646895 [debug] [Thread-3 (]: Acquiring new snowflake connection 'model.snowflake_dbt_project.stg_order_items'
[0m00:40:49.647441 [debug] [Thread-3 (]: Began compiling node model.snowflake_dbt_project.stg_order_items
[0m00:40:49.646309 [debug] [Thread-4 (]: Acquiring new snowflake connection 'model.snowflake_dbt_project.stg_orders'
[0m00:40:49.644548 [info ] [Thread-5 (]: 4 of 4 START sql view model raw.stg_products ................................... [RUN]
[0m00:40:49.656144 [debug] [Thread-5 (]: Acquiring new snowflake connection 'model.snowflake_dbt_project.stg_products'
[0m00:40:49.645573 [info ] [Thread-2 (]: 1 of 4 START sql view model raw.stg_customers .................................. [RUN]
[0m00:40:49.655497 [debug] [Thread-4 (]: Began compiling node model.snowflake_dbt_project.stg_orders
[0m00:40:49.654699 [debug] [Thread-3 (]: Writing injected SQL for node "model.snowflake_dbt_project.stg_order_items"
[0m00:40:49.656565 [debug] [Thread-5 (]: Began compiling node model.snowflake_dbt_project.stg_products
[0m00:40:49.657719 [debug] [Thread-2 (]: Acquiring new snowflake connection 'model.snowflake_dbt_project.stg_customers'
[0m00:40:49.660131 [debug] [Thread-4 (]: Writing injected SQL for node "model.snowflake_dbt_project.stg_orders"
[0m00:40:49.662936 [debug] [Thread-5 (]: Writing injected SQL for node "model.snowflake_dbt_project.stg_products"
[0m00:40:49.663507 [debug] [Thread-2 (]: Began compiling node model.snowflake_dbt_project.stg_customers
[0m00:40:49.666503 [debug] [Thread-2 (]: Writing injected SQL for node "model.snowflake_dbt_project.stg_customers"
[0m00:40:49.667216 [debug] [Thread-3 (]: Began executing node model.snowflake_dbt_project.stg_order_items
[0m00:40:49.699918 [debug] [Thread-2 (]: Began executing node model.snowflake_dbt_project.stg_customers
[0m00:40:49.710089 [debug] [Thread-2 (]: Writing runtime sql for node "model.snowflake_dbt_project.stg_customers"
[0m00:40:49.710908 [debug] [Thread-4 (]: Began executing node model.snowflake_dbt_project.stg_orders
[0m00:40:49.715426 [debug] [Thread-4 (]: Writing runtime sql for node "model.snowflake_dbt_project.stg_orders"
[0m00:40:49.712775 [debug] [Thread-5 (]: Began executing node model.snowflake_dbt_project.stg_products
[0m00:40:49.711994 [debug] [Thread-3 (]: Writing runtime sql for node "model.snowflake_dbt_project.stg_order_items"
[0m00:40:49.717773 [debug] [Thread-5 (]: Writing runtime sql for node "model.snowflake_dbt_project.stg_products"
[0m00:40:49.718820 [debug] [Thread-2 (]: Using snowflake connection "model.snowflake_dbt_project.stg_customers"
[0m00:40:49.719544 [debug] [Thread-2 (]: On model.snowflake_dbt_project.stg_customers: create or replace   view finance_db.raw.stg_customers
  
  
  
  
  as (
    select 
id as customer_id,
name as customer_name, 
email ,
country from finance_db.raw.customers
  )
/* {"app": "dbt", "dbt_version": "1.12.0", "profile_name": "snowflake_dbt_project", "target_name": "dev", "node_id": "model.snowflake_dbt_project.stg_customers"} */;
[0m00:40:49.720044 [debug] [Thread-2 (]: Opening a new connection, currently in state init
[0m00:40:49.720808 [debug] [Thread-4 (]: Using snowflake connection "model.snowflake_dbt_project.stg_orders"
[0m00:40:49.721394 [debug] [Thread-4 (]: On model.snowflake_dbt_project.stg_orders: create or replace   view finance_db.raw.stg_orders
  
  
  
  
  as (
    select 
id as order_id,
customer_id,
order_date,
status as order_status
from finance_db.raw.orders
  )
/* {"app": "dbt", "dbt_version": "1.12.0", "profile_name": "snowflake_dbt_project", "target_name": "dev", "node_id": "model.snowflake_dbt_project.stg_orders"} */;
[0m00:40:49.721822 [debug] [Thread-4 (]: Opening a new connection, currently in state init
[0m00:40:49.723517 [debug] [Thread-5 (]: Using snowflake connection "model.snowflake_dbt_project.stg_products"
[0m00:40:49.723909 [debug] [Thread-5 (]: On model.snowflake_dbt_project.stg_products: create or replace   view finance_db.raw.stg_products
  
  
  
  
  as (
    select 
id as propuct_id,
name as product_name,  
category as product_category,
price as product_price,
from finance_db.raw.products
  )
/* {"app": "dbt", "dbt_version": "1.12.0", "profile_name": "snowflake_dbt_project", "target_name": "dev", "node_id": "model.snowflake_dbt_project.stg_products"} */;
[0m00:40:49.724262 [debug] [Thread-5 (]: Opening a new connection, currently in state init
[0m00:40:49.725414 [debug] [Thread-3 (]: Using snowflake connection "model.snowflake_dbt_project.stg_order_items"
[0m00:40:49.725769 [debug] [Thread-3 (]: On model.snowflake_dbt_project.stg_order_items: create or replace   view finance_db.raw.stg_order_items
  
  
  
  
  as (
    select 
id as item_id,
order_id,
product_id,
quantity,
unit_price,
(quantity * unit_price) as total_price
from finance_db.raw.order_items
  )
/* {"app": "dbt", "dbt_version": "1.12.0", "profile_name": "snowflake_dbt_project", "target_name": "dev", "node_id": "model.snowflake_dbt_project.stg_order_items"} */;
[0m00:40:49.726107 [debug] [Thread-3 (]: Opening a new connection, currently in state init
[0m00:40:51.679076 [debug] [Thread-5 (]: SQL status: SUCCESS 1 in 1.954 seconds
[0m00:40:51.708058 [debug] [Thread-3 (]: SQL status: SUCCESS 1 in 1.982 seconds
[0m00:40:51.710589 [debug] [Thread-5 (]: Sending event: {'category': 'dbt', 'action': 'run_model', 'label': 'f0b12809-e6f9-4802-9914-5440f9465a49', 'context': [<snowplow_tracker.self_describing_json.SelfDescribingJson object at 0x00000166F9FF6B10>]}
[0m00:40:51.711469 [debug] [Thread-3 (]: Sending event: {'category': 'dbt', 'action': 'run_model', 'label': 'f0b12809-e6f9-4802-9914-5440f9465a49', 'context': [<snowplow_tracker.self_describing_json.SelfDescribingJson object at 0x00000166F4340100>]}
[0m00:40:51.711163 [info ] [Thread-5 (]: 4 of 4 OK created sql view model raw.stg_products .............................. [[32mSUCCESS 1[0m in 2.05s]
[0m00:40:51.712939 [debug] [Thread-5 (]: Finished running node model.snowflake_dbt_project.stg_products
[0m00:40:51.712159 [info ] [Thread-3 (]: 2 of 4 OK created sql view model raw.stg_order_items ........................... [[32mSUCCESS 1[0m in 2.06s]
[0m00:40:51.713736 [debug] [Thread-3 (]: Finished running node model.snowflake_dbt_project.stg_order_items
[0m00:40:51.772927 [debug] [Thread-4 (]: SQL status: SUCCESS 1 in 2.051 seconds
[0m00:40:51.776597 [debug] [Thread-4 (]: Sending event: {'category': 'dbt', 'action': 'run_model', 'label': 'f0b12809-e6f9-4802-9914-5440f9465a49', 'context': [<snowplow_tracker.self_describing_json.SelfDescribingJson object at 0x00000166FA0F4050>]}
[0m00:40:51.777497 [info ] [Thread-4 (]: 3 of 4 OK created sql view model raw.stg_orders ................................ [[32mSUCCESS 1[0m in 2.13s]
[0m00:40:51.787517 [debug] [Thread-4 (]: Finished running node model.snowflake_dbt_project.stg_orders
[0m00:40:52.347618 [debug] [Thread-2 (]: SQL status: SUCCESS 1 in 2.628 seconds
[0m00:40:52.349851 [debug] [Thread-2 (]: Sending event: {'category': 'dbt', 'action': 'run_model', 'label': 'f0b12809-e6f9-4802-9914-5440f9465a49', 'context': [<snowplow_tracker.self_describing_json.SelfDescribingJson object at 0x00000166F9C5EB50>]}
[0m00:40:52.350455 [info ] [Thread-2 (]: 1 of 4 OK created sql view model raw.stg_customers ............................. [[32mSUCCESS 1[0m in 2.69s]
[0m00:40:52.351089 [debug] [Thread-2 (]: Finished running node model.snowflake_dbt_project.stg_customers
[0m00:40:52.354297 [debug] [MainThread]: Connection 'master' was properly closed.
[0m00:40:52.354654 [debug] [MainThread]: Connection 'list_finance_db' was left open.
[0m00:40:52.354956 [debug] [MainThread]: On list_finance_db: Close
[0m00:40:52.763046 [debug] [MainThread]: Connection 'list_finance_db_raw' was left open.
[0m00:40:52.763949 [debug] [MainThread]: On list_finance_db_raw: Close
[0m00:40:53.196954 [debug] [MainThread]: Connection 'model.snowflake_dbt_project.stg_orders' was left open.
[0m00:40:53.197407 [debug] [MainThread]: On model.snowflake_dbt_project.stg_orders: Close
[0m00:40:53.558136 [debug] [MainThread]: Connection 'model.snowflake_dbt_project.stg_order_items' was left open.
[0m00:40:53.558537 [debug] [MainThread]: On model.snowflake_dbt_project.stg_order_items: Close
[0m00:40:53.959846 [debug] [MainThread]: Connection 'model.snowflake_dbt_project.stg_products' was left open.
[0m00:40:53.960590 [debug] [MainThread]: On model.snowflake_dbt_project.stg_products: Close
[0m00:40:54.348518 [debug] [MainThread]: Connection 'model.snowflake_dbt_project.stg_customers' was left open.
[0m00:40:54.349100 [debug] [MainThread]: On model.snowflake_dbt_project.stg_customers: Close
[0m00:40:54.736288 [info ] [MainThread]: 
[0m00:40:54.736902 [info ] [MainThread]: Finished running 4 view models in 0 hours 0 minutes and 9.46 seconds (9.46s).
[0m00:40:54.738346 [debug] [MainThread]: Command end result
[0m00:40:54.783892 [debug] [MainThread]: Wrote artifact WritableManifest to E:\snowflake - dbt project\snowflake_dbt_project\target\manifest.json
[0m00:40:54.787261 [debug] [MainThread]: Wrote artifact SemanticManifest to E:\snowflake - dbt project\snowflake_dbt_project\target\semantic_manifest.json
[0m00:40:54.790908 [debug] [MainThread]: Wrote artifact OsiDocument to E:\snowflake - dbt project\snowflake_dbt_project\target\osi_document.json
[0m00:40:54.798919 [debug] [MainThread]: Wrote artifact RunExecutionResult to E:\snowflake - dbt project\snowflake_dbt_project\target\run_results.json
[0m00:40:54.799353 [info ] [MainThread]: 
[0m00:40:54.800091 [info ] [MainThread]: [32mCompleted successfully[0m
[0m00:40:54.800587 [info ] [MainThread]: 
[0m00:40:54.801105 [info ] [MainThread]: Done. PASS=4 WARN=0 ERROR=0 SKIP=0 NO-OP=0 REUSED=0 TOTAL=4
[0m00:40:54.801956 [debug] [MainThread]: Command `dbt run` succeeded at 00:40:54.801857 after 16.52 seconds
[0m00:40:54.802291 [debug] [MainThread]: Sending event: {'category': 'dbt', 'action': 'invocation', 'label': 'end', 'context': [<snowplow_tracker.self_describing_json.SelfDescribingJson object at 0x00000166F676AB30>, <snowplow_tracker.self_describing_json.SelfDescribingJson object at 0x00000166F651DF60>, <snowplow_tracker.self_describing_json.SelfDescribingJson object at 0x00000166F4315010>]}
[0m00:40:54.802639 [debug] [MainThread]: Flushing usage events
[0m00:40:55.983514 [debug] [MainThread]: An error was encountered while trying to flush usage events
[0m00:45:39.839193 [debug] [MainThread]: Sending event: {'category': 'dbt', 'action': 'invocation', 'label': 'start', 'context': [<snowplow_tracker.self_describing_json.SelfDescribingJson object at 0x000001E7E4F30590>, <snowplow_tracker.self_describing_json.SelfDescribingJson object at 0x000001E7E2490B90>, <snowplow_tracker.self_describing_json.SelfDescribingJson object at 0x000001E7E74C79D0>]}


============================== 00:45:39.843687 | 594079ed-5164-41c4-a3f1-dca12721692e ==============================
[0m00:45:39.843687 [info ] [MainThread]: Running with dbt=1.12.0
[0m00:45:39.844365 [debug] [MainThread]: running dbt with arguments {'version_check': 'True', 'no_print': 'None', 'static_parser': 'True', 'warn_error_options': 'WarnErrorOptionsV2(error=[], warn=[], silence=[])', 'maximum_seed_size_mib': '1', 'target_path': 'None', 'printer_width': '80', 'write_json': 'True', 'empty': 'False', 'log_cache_events': 'False', 'introspect': 'True', 'cache_selected_only': 'False', 'log_format': 'default', 'debug': 'False', 'fail_fast': 'False', 'partial_parse': 'True', 'send_anonymous_usage_stats': 'True', 'quiet': 'False', 'warn_error': 'None', 'profiles_dir': 'C:\\Users\\hamad\\.dbt', 'use_colors': 'True', 'hints_enabled': 'True', 'invocation_command': 'dbt run', 'use_experimental_parser': 'False', 'indirect_selection': 'eager', 'log_path': 'E:\\snowflake - dbt project\\snowflake_dbt_project\\logs'}
[0m00:45:40.294489 [debug] [MainThread]: Snowflake adapter: Setting snowflake.connector to ERROR (file logging only)
[0m00:45:40.294954 [debug] [MainThread]: Snowflake adapter: Setting botocore to ERROR (file logging only)
[0m00:45:40.295524 [debug] [MainThread]: Snowflake adapter: Setting boto3 to ERROR (file logging only)
[0m00:45:40.567047 [debug] [MainThread]: Sending event: {'category': 'dbt', 'action': 'project_id', 'label': '594079ed-5164-41c4-a3f1-dca12721692e', 'context': [<snowplow_tracker.self_describing_json.SelfDescribingJson object at 0x000001E7E9098640>]}
[0m00:45:40.643233 [debug] [MainThread]: Sending event: {'category': 'dbt', 'action': 'adapter_info', 'label': '594079ed-5164-41c4-a3f1-dca12721692e', 'context': [<snowplow_tracker.self_describing_json.SelfDescribingJson object at 0x000001E7E240C5A0>]}
[0m00:45:40.644715 [info ] [MainThread]: Registered adapter: snowflake=1.12.0
[0m00:45:40.977034 [debug] [MainThread]: checksum: e2b009bdcd63f6a60a6dac58a2fb29818fa8d66ceac39f6312dc6f7f86b2acaf, vars: {}, profile: snowflake_dbt_project, target: dev, version: 1.12.0
[0m00:45:41.115929 [debug] [MainThread]: Partial parsing enabled: 0 files deleted, 0 files added, 1 files changed.
[0m00:45:41.116521 [debug] [MainThread]: Partial parsing: updated file: snowflake_dbt_project://models\marts\fct.daily_order_revenue.sql
[0m00:45:41.348310 [error] [MainThread]: [[31mERROR[0m]: Encountered an error:
Compilation Error
  Model 'model.snowflake_dbt_project.fct.daily_order_revenue' (models\marts\fct.daily_order_revenue.sql) depends on a node named 'STG_ORDERS' which was not found
[0m00:45:41.349622 [debug] [MainThread]: Command `dbt run` failed at 00:45:41.349453 after 1.77 seconds
[0m00:45:41.350016 [debug] [MainThread]: Sending event: {'category': 'dbt', 'action': 'invocation', 'label': 'end', 'context': [<snowplow_tracker.self_describing_json.SelfDescribingJson object at 0x000001E7EA74D950>, <snowplow_tracker.self_describing_json.SelfDescribingJson object at 0x000001E7EA74DA50>, <snowplow_tracker.self_describing_json.SelfDescribingJson object at 0x000001E7EA9905F0>]}
[0m00:45:41.350508 [debug] [MainThread]: Flushing usage events
[0m00:45:42.221543 [debug] [MainThread]: An error was encountered while trying to flush usage events
[0m00:46:45.424733 [debug] [MainThread]: Sending event: {'category': 'dbt', 'action': 'invocation', 'label': 'start', 'context': [<snowplow_tracker.self_describing_json.SelfDescribingJson object at 0x000001F3128E0590>, <snowplow_tracker.self_describing_json.SelfDescribingJson object at 0x000001F30FE40B90>, <snowplow_tracker.self_describing_json.SelfDescribingJson object at 0x000001F314E779D0>]}


============================== 00:46:45.428831 | b94cc969-d774-4115-a31a-fcbcd0776cd5 ==============================
[0m00:46:45.428831 [info ] [MainThread]: Running with dbt=1.12.0
[0m00:46:45.429432 [debug] [MainThread]: running dbt with arguments {'static_parser': 'True', 'no_print': 'None', 'maximum_seed_size_mib': '1', 'warn_error_options': 'WarnErrorOptionsV2(error=[], warn=[], silence=[])', 'version_check': 'True', 'target_path': 'None', 'printer_width': '80', 'write_json': 'True', 'empty': 'False', 'log_cache_events': 'False', 'introspect': 'True', 'cache_selected_only': 'False', 'fail_fast': 'False', 'debug': 'False', 'log_format': 'default', 'profiles_dir': 'C:\\Users\\hamad\\.dbt', 'send_anonymous_usage_stats': 'True', 'quiet': 'False', 'warn_error': 'None', 'partial_parse': 'True', 'use_colors': 'True', 'hints_enabled': 'True', 'invocation_command': 'dbt run', 'use_experimental_parser': 'False', 'indirect_selection': 'eager', 'log_path': 'E:\\snowflake - dbt project\\snowflake_dbt_project\\logs'}
[0m00:46:45.815562 [debug] [MainThread]: Snowflake adapter: Setting snowflake.connector to ERROR (file logging only)
[0m00:46:45.816085 [debug] [MainThread]: Snowflake adapter: Setting botocore to ERROR (file logging only)
[0m00:46:45.816669 [debug] [MainThread]: Snowflake adapter: Setting boto3 to ERROR (file logging only)
[0m00:46:46.068169 [debug] [MainThread]: Sending event: {'category': 'dbt', 'action': 'project_id', 'label': 'b94cc969-d774-4115-a31a-fcbcd0776cd5', 'context': [<snowplow_tracker.self_describing_json.SelfDescribingJson object at 0x000001F3169C8640>]}
[0m00:46:46.140399 [debug] [MainThread]: Sending event: {'category': 'dbt', 'action': 'adapter_info', 'label': 'b94cc969-d774-4115-a31a-fcbcd0776cd5', 'context': [<snowplow_tracker.self_describing_json.SelfDescribingJson object at 0x000001F30FDBC5A0>]}
[0m00:46:46.141730 [info ] [MainThread]: Registered adapter: snowflake=1.12.0
[0m00:46:46.460743 [debug] [MainThread]: checksum: e2b009bdcd63f6a60a6dac58a2fb29818fa8d66ceac39f6312dc6f7f86b2acaf, vars: {}, profile: snowflake_dbt_project, target: dev, version: 1.12.0
[0m00:46:46.592705 [debug] [MainThread]: Partial parsing enabled: 0 files deleted, 0 files added, 1 files changed.
[0m00:46:46.593267 [debug] [MainThread]: Partial parsing: updated file: snowflake_dbt_project://models\marts\fct.daily_order_revenue.sql
[0m00:46:46.899736 [debug] [MainThread]: Sending event: {'category': 'dbt', 'action': 'load_project', 'label': 'b94cc969-d774-4115-a31a-fcbcd0776cd5', 'context': [<snowplow_tracker.self_describing_json.SelfDescribingJson object at 0x000001F31807C350>]}
[0m00:46:47.006364 [debug] [MainThread]: Wrote artifact WritableManifest to E:\snowflake - dbt project\snowflake_dbt_project\target\manifest.json
[0m00:46:47.009776 [debug] [MainThread]: Wrote artifact SemanticManifest to E:\snowflake - dbt project\snowflake_dbt_project\target\semantic_manifest.json
[0m00:46:47.033173 [debug] [MainThread]: Wrote artifact OsiDocument to E:\snowflake - dbt project\snowflake_dbt_project\target\osi_document.json
[0m00:46:47.043017 [debug] [MainThread]: Sending event: {'category': 'dbt', 'action': 'resource_counts', 'label': 'b94cc969-d774-4115-a31a-fcbcd0776cd5', 'context': [<snowplow_tracker.self_describing_json.SelfDescribingJson object at 0x000001F318386D50>]}
[0m00:46:47.043637 [info ] [MainThread]: Found 5 models, 4 sources, 545 macros
[0m00:46:47.044092 [debug] [MainThread]: Sending event: {'category': 'dbt', 'action': 'runnable_timing', 'label': 'b94cc969-d774-4115-a31a-fcbcd0776cd5', 'context': [<snowplow_tracker.self_describing_json.SelfDescribingJson object at 0x000001F3183B6890>]}
[0m00:46:47.046194 [info ] [MainThread]: 
[0m00:46:47.046659 [info ] [MainThread]: Concurrency: 4 threads (target='dev')
[0m00:46:47.047044 [info ] [MainThread]: 
[0m00:46:47.047606 [debug] [MainThread]: Acquiring new snowflake connection 'master'
[0m00:46:47.053238 [debug] [ThreadPool]: Acquiring new snowflake connection 'list_finance_db'
[0m00:46:47.066961 [debug] [ThreadPool]: Using snowflake connection "list_finance_db"
[0m00:46:47.067375 [debug] [ThreadPool]: On list_finance_db: show terse schemas in database finance_db
    limit 10000
/* {"app": "dbt", "dbt_version": "1.12.0", "profile_name": "snowflake_dbt_project", "target_name": "dev", "connection_name": "list_finance_db"} */
[0m00:46:47.067799 [debug] [ThreadPool]: Opening a new connection, currently in state init
[0m00:46:49.013730 [debug] [ThreadPool]: SQL status: SUCCESS 3 in 1.946 seconds
[0m00:46:49.017947 [debug] [ThreadPool]: Acquiring new snowflake connection 'list_finance_db_raw'
[0m00:46:49.030102 [debug] [ThreadPool]: Using snowflake connection "list_finance_db_raw"
[0m00:46:49.030483 [debug] [ThreadPool]: On list_finance_db_raw: show objects in finance_db.raw
    limit 10000
    

/* {"app": "dbt", "dbt_version": "1.12.0", "profile_name": "snowflake_dbt_project", "target_name": "dev", "connection_name": "list_finance_db_raw"} */;
[0m00:46:49.030848 [debug] [ThreadPool]: Opening a new connection, currently in state init
[0m00:46:50.539214 [debug] [ThreadPool]: SQL status: SUCCESS 8 in 1.508 seconds
[0m00:46:50.550706 [debug] [ThreadPool]: Using snowflake connection "list_finance_db_raw"
[0m00:46:50.551377 [debug] [ThreadPool]: On list_finance_db_raw: show user functions in finance_db.raw
/* {"app": "dbt", "dbt_version": "1.12.0", "profile_name": "snowflake_dbt_project", "target_name": "dev", "connection_name": "list_finance_db_raw"} */
[0m00:46:50.754602 [debug] [ThreadPool]: SQL status: SUCCESS 0 in 0.202 seconds
[0m00:46:50.764905 [debug] [MainThread]: Sending event: {'category': 'dbt', 'action': 'runnable_timing', 'label': 'b94cc969-d774-4115-a31a-fcbcd0776cd5', 'context': [<snowplow_tracker.self_describing_json.SelfDescribingJson object at 0x000001F3184E0460>]}
[0m00:46:50.773567 [debug] [Thread-4 (]: Began running node model.snowflake_dbt_project.stg_orders
[0m00:46:50.774082 [debug] [Thread-3 (]: Began running node model.snowflake_dbt_project.stg_order_items
[0m00:46:50.774500 [debug] [Thread-2 (]: Began running node model.snowflake_dbt_project.stg_customers
[0m00:46:50.774904 [debug] [Thread-5 (]: Began running node model.snowflake_dbt_project.stg_products
[0m00:46:50.775442 [info ] [Thread-4 (]: 3 of 5 START sql view model raw.stg_orders ..................................... [RUN]
[0m00:46:50.777616 [debug] [Thread-4 (]: Acquiring new snowflake connection 'model.snowflake_dbt_project.stg_orders'
[0m00:46:50.778009 [debug] [Thread-4 (]: Began compiling node model.snowflake_dbt_project.stg_orders
[0m00:46:50.776908 [info ] [Thread-5 (]: 4 of 5 START sql view model raw.stg_products ................................... [RUN]
[0m00:46:50.784508 [debug] [Thread-5 (]: Acquiring new snowflake connection 'model.snowflake_dbt_project.stg_products'
[0m00:46:50.785038 [debug] [Thread-5 (]: Began compiling node model.snowflake_dbt_project.stg_products
[0m00:46:50.776374 [info ] [Thread-2 (]: 1 of 5 START sql view model raw.stg_customers .................................. [RUN]
[0m00:46:50.783958 [debug] [Thread-4 (]: Writing injected SQL for node "model.snowflake_dbt_project.stg_orders"
[0m00:46:50.775934 [info ] [Thread-3 (]: 2 of 5 START sql view model raw.stg_order_items ................................ [RUN]
[0m00:46:50.788995 [debug] [Thread-3 (]: Acquiring new snowflake connection 'model.snowflake_dbt_project.stg_order_items'
[0m00:46:50.789445 [debug] [Thread-3 (]: Began compiling node model.snowflake_dbt_project.stg_order_items
[0m00:46:50.788368 [debug] [Thread-2 (]: Acquiring new snowflake connection 'model.snowflake_dbt_project.stg_customers'
[0m00:46:50.787821 [debug] [Thread-5 (]: Writing injected SQL for node "model.snowflake_dbt_project.stg_products"
[0m00:46:50.791238 [debug] [Thread-3 (]: Writing injected SQL for node "model.snowflake_dbt_project.stg_order_items"
[0m00:46:50.791747 [debug] [Thread-2 (]: Began compiling node model.snowflake_dbt_project.stg_customers
[0m00:46:50.795559 [debug] [Thread-2 (]: Writing injected SQL for node "model.snowflake_dbt_project.stg_customers"
[0m00:46:50.792470 [debug] [Thread-4 (]: Began executing node model.snowflake_dbt_project.stg_orders
[0m00:46:50.796423 [debug] [Thread-5 (]: Began executing node model.snowflake_dbt_project.stg_products
[0m00:46:50.819635 [debug] [Thread-3 (]: Began executing node model.snowflake_dbt_project.stg_order_items
[0m00:46:50.831313 [debug] [Thread-4 (]: Writing runtime sql for node "model.snowflake_dbt_project.stg_orders"
[0m00:46:50.834080 [debug] [Thread-5 (]: Writing runtime sql for node "model.snowflake_dbt_project.stg_products"
[0m00:46:50.836512 [debug] [Thread-3 (]: Writing runtime sql for node "model.snowflake_dbt_project.stg_order_items"
[0m00:46:50.837247 [debug] [Thread-2 (]: Began executing node model.snowflake_dbt_project.stg_customers
[0m00:46:50.840847 [debug] [Thread-2 (]: Writing runtime sql for node "model.snowflake_dbt_project.stg_customers"
[0m00:46:50.841785 [debug] [Thread-4 (]: Using snowflake connection "model.snowflake_dbt_project.stg_orders"
[0m00:46:50.842167 [debug] [Thread-4 (]: On model.snowflake_dbt_project.stg_orders: create or replace   view finance_db.raw.stg_orders
  
  
  
  
  as (
    select 
id as order_id,
customer_id,
order_date,
status as order_status
from finance_db.raw.orders
  )
/* {"app": "dbt", "dbt_version": "1.12.0", "profile_name": "snowflake_dbt_project", "target_name": "dev", "node_id": "model.snowflake_dbt_project.stg_orders"} */;
[0m00:46:50.842644 [debug] [Thread-4 (]: Opening a new connection, currently in state init
[0m00:46:50.843367 [debug] [Thread-5 (]: Using snowflake connection "model.snowflake_dbt_project.stg_products"
[0m00:46:50.843739 [debug] [Thread-5 (]: On model.snowflake_dbt_project.stg_products: create or replace   view finance_db.raw.stg_products
  
  
  
  
  as (
    select 
id as propuct_id,
name as product_name,  
category as product_category,
price as product_price,
from finance_db.raw.products
  )
/* {"app": "dbt", "dbt_version": "1.12.0", "profile_name": "snowflake_dbt_project", "target_name": "dev", "node_id": "model.snowflake_dbt_project.stg_products"} */;
[0m00:46:50.844083 [debug] [Thread-5 (]: Opening a new connection, currently in state init
[0m00:46:50.844808 [debug] [Thread-2 (]: Using snowflake connection "model.snowflake_dbt_project.stg_customers"
[0m00:46:50.846037 [debug] [Thread-2 (]: On model.snowflake_dbt_project.stg_customers: create or replace   view finance_db.raw.stg_customers
  
  
  
  
  as (
    select 
id as customer_id,
name as customer_name, 
email ,
country from finance_db.raw.customers
  )
/* {"app": "dbt", "dbt_version": "1.12.0", "profile_name": "snowflake_dbt_project", "target_name": "dev", "node_id": "model.snowflake_dbt_project.stg_customers"} */;
[0m00:46:50.847305 [debug] [Thread-2 (]: Opening a new connection, currently in state init
[0m00:46:50.846935 [debug] [Thread-3 (]: Using snowflake connection "model.snowflake_dbt_project.stg_order_items"
[0m00:46:50.849231 [debug] [Thread-3 (]: On model.snowflake_dbt_project.stg_order_items: create or replace   view finance_db.raw.stg_order_items
  
  
  
  
  as (
    select 
id as item_id,
order_id,
product_id,
quantity,
unit_price,
(quantity * unit_price) as total_price
from finance_db.raw.order_items
  )
/* {"app": "dbt", "dbt_version": "1.12.0", "profile_name": "snowflake_dbt_project", "target_name": "dev", "node_id": "model.snowflake_dbt_project.stg_order_items"} */;
[0m00:46:50.849663 [debug] [Thread-3 (]: Opening a new connection, currently in state init
[0m00:46:51.988852 [debug] [Thread-5 (]: SQL status: SUCCESS 1 in 1.145 seconds
[0m00:46:52.020113 [debug] [Thread-2 (]: SQL status: SUCCESS 1 in 1.173 seconds
[0m00:46:52.023173 [debug] [Thread-5 (]: Sending event: {'category': 'dbt', 'action': 'run_model', 'label': 'b94cc969-d774-4115-a31a-fcbcd0776cd5', 'context': [<snowplow_tracker.self_describing_json.SelfDescribingJson object at 0x000001F3186BDE50>]}
[0m00:46:52.024177 [debug] [Thread-2 (]: Sending event: {'category': 'dbt', 'action': 'run_model', 'label': 'b94cc969-d774-4115-a31a-fcbcd0776cd5', 'context': [<snowplow_tracker.self_describing_json.SelfDescribingJson object at 0x000001F312A70100>]}
[0m00:46:52.023812 [info ] [Thread-5 (]: 4 of 5 OK created sql view model raw.stg_products .............................. [[32mSUCCESS 1[0m in 1.23s]
[0m00:46:52.025480 [debug] [Thread-5 (]: Finished running node model.snowflake_dbt_project.stg_products
[0m00:46:52.024863 [info ] [Thread-2 (]: 1 of 5 OK created sql view model raw.stg_customers ............................. [[32mSUCCESS 1[0m in 1.23s]
[0m00:46:52.026442 [debug] [Thread-2 (]: Finished running node model.snowflake_dbt_project.stg_customers
[0m00:46:53.239157 [debug] [Thread-4 (]: SQL status: SUCCESS 1 in 2.396 seconds
[0m00:46:53.241629 [debug] [Thread-4 (]: Sending event: {'category': 'dbt', 'action': 'run_model', 'label': 'b94cc969-d774-4115-a31a-fcbcd0776cd5', 'context': [<snowplow_tracker.self_describing_json.SelfDescribingJson object at 0x000001F31850AE90>]}
[0m00:46:53.242278 [info ] [Thread-4 (]: 3 of 5 OK created sql view model raw.stg_orders ................................ [[32mSUCCESS 1[0m in 2.46s]
[0m00:46:53.243008 [debug] [Thread-4 (]: Finished running node model.snowflake_dbt_project.stg_orders
[0m00:46:54.009955 [debug] [Thread-3 (]: SQL status: SUCCESS 1 in 3.160 seconds
[0m00:46:54.012607 [debug] [Thread-3 (]: Sending event: {'category': 'dbt', 'action': 'run_model', 'label': 'b94cc969-d774-4115-a31a-fcbcd0776cd5', 'context': [<snowplow_tracker.self_describing_json.SelfDescribingJson object at 0x000001F3187391D0>]}
[0m00:46:54.013819 [info ] [Thread-3 (]: 2 of 5 OK created sql view model raw.stg_order_items ........................... [[32mSUCCESS 1[0m in 3.22s]
[0m00:46:54.014858 [debug] [Thread-3 (]: Finished running node model.snowflake_dbt_project.stg_order_items
[0m00:46:54.015791 [debug] [Thread-5 (]: Began running node model.snowflake_dbt_project.fct.daily_order_revenue
[0m00:46:54.016518 [info ] [Thread-5 (]: 5 of 5 START sql table model raw.fct.daily_order_revenue ....................... [RUN]
[0m00:46:54.017423 [debug] [Thread-5 (]: Re-using an available connection from the pool (formerly model.snowflake_dbt_project.stg_products, now model.snowflake_dbt_project.fct.daily_order_revenue)
[0m00:46:54.018114 [debug] [Thread-5 (]: Began compiling node model.snowflake_dbt_project.fct.daily_order_revenue
[0m00:46:54.020579 [debug] [Thread-5 (]: Writing injected SQL for node "model.snowflake_dbt_project.fct.daily_order_revenue"
[0m00:46:54.022660 [debug] [Thread-5 (]: Began executing node model.snowflake_dbt_project.fct.daily_order_revenue
[0m00:46:54.062789 [debug] [Thread-5 (]: Writing runtime sql for node "model.snowflake_dbt_project.fct.daily_order_revenue"
[0m00:46:54.065248 [debug] [Thread-5 (]: Using snowflake connection "model.snowflake_dbt_project.fct.daily_order_revenue"
[0m00:46:54.066067 [debug] [Thread-5 (]: On model.snowflake_dbt_project.fct.daily_order_revenue: create or replace transient table finance_db.raw.fct.daily_order_revenue
    
    
    
    
    

    as (select 
o.order_id,
o.order_date,
sum(total_price) as total_price
from finance_db.raw.stg_orders o
left join finance_db.raw.stg_order_items oi on o.order_id = oi.order_id
group by 1,2
    )

/* {"app": "dbt", "dbt_version": "1.12.0", "profile_name": "snowflake_dbt_project", "target_name": "dev", "node_id": "model.snowflake_dbt_project.fct.daily_order_revenue"} */;
[0m00:46:54.315660 [debug] [Thread-5 (]: Snowflake adapter: Snowflake query id: 01c6377a-0202-a90a-001e-0377000e33e6
[0m00:46:54.316081 [debug] [Thread-5 (]: Snowflake adapter: Snowflake error: 002043 (02000): SQL compilation error:
Object does not exist, or operation cannot be performed.
[0m00:46:54.340819 [debug] [Thread-5 (]: Database Error in model fct.daily_order_revenue (models\marts\fct.daily_order_revenue.sql)
  002043 (02000): SQL compilation error:
  Object does not exist, or operation cannot be performed.
  compiled code at target\run\snowflake_dbt_project\models\marts\fct.daily_order_revenue.sql
[0m00:46:54.341366 [debug] [Thread-5 (]: Sending event: {'category': 'dbt', 'action': 'run_model', 'label': 'b94cc969-d774-4115-a31a-fcbcd0776cd5', 'context': [<snowplow_tracker.self_describing_json.SelfDescribingJson object at 0x000001F31877D390>]}
[0m00:46:54.341945 [error] [Thread-5 (]: 5 of 5 ERROR creating sql table model raw.fct.daily_order_revenue .............. [[31mERROR[0m in 0.32s]
[0m00:46:54.342574 [debug] [Thread-5 (]: Finished running node model.snowflake_dbt_project.fct.daily_order_revenue
[0m00:46:54.343075 [debug] [Thread-8 (]: Marking all children of 'model.snowflake_dbt_project.fct.daily_order_revenue' to be skipped because of status 'error'.  Reason: Database Error in model fct.daily_order_revenue (models\marts\fct.daily_order_revenue.sql)
  002043 (02000): SQL compilation error:
  Object does not exist, or operation cannot be performed.
  compiled code at target\run\snowflake_dbt_project\models\marts\fct.daily_order_revenue.sql.
[0m00:46:54.345326 [debug] [MainThread]: Connection 'master' was properly closed.
[0m00:46:54.345640 [debug] [MainThread]: Connection 'list_finance_db' was left open.
[0m00:46:54.345925 [debug] [MainThread]: On list_finance_db: Close
[0m00:46:54.702919 [debug] [MainThread]: Connection 'list_finance_db_raw' was left open.
[0m00:46:54.704273 [debug] [MainThread]: On list_finance_db_raw: Close
[0m00:46:55.100886 [debug] [MainThread]: Connection 'model.snowflake_dbt_project.stg_orders' was left open.
[0m00:46:55.101610 [debug] [MainThread]: On model.snowflake_dbt_project.stg_orders: Close
[0m00:46:55.457995 [debug] [MainThread]: Connection 'model.snowflake_dbt_project.fct.daily_order_revenue' was left open.
[0m00:46:55.459416 [debug] [MainThread]: On model.snowflake_dbt_project.fct.daily_order_revenue: Close
[0m00:46:55.920779 [debug] [MainThread]: Connection 'model.snowflake_dbt_project.stg_customers' was left open.
[0m00:46:55.921596 [debug] [MainThread]: On model.snowflake_dbt_project.stg_customers: Close
[0m00:46:56.306052 [debug] [MainThread]: Connection 'model.snowflake_dbt_project.stg_order_items' was left open.
[0m00:46:56.306934 [debug] [MainThread]: On model.snowflake_dbt_project.stg_order_items: Close
[0m00:46:56.692008 [info ] [MainThread]: 
[0m00:46:56.692935 [info ] [MainThread]: Finished running 1 table model, 4 view models in 0 hours 0 minutes and 9.64 seconds (9.64s).
[0m00:46:56.694867 [debug] [MainThread]: Command end result
[0m00:46:56.733454 [debug] [MainThread]: Wrote artifact WritableManifest to E:\snowflake - dbt project\snowflake_dbt_project\target\manifest.json
[0m00:46:56.737147 [debug] [MainThread]: Wrote artifact SemanticManifest to E:\snowflake - dbt project\snowflake_dbt_project\target\semantic_manifest.json
[0m00:46:56.741150 [debug] [MainThread]: Wrote artifact OsiDocument to E:\snowflake - dbt project\snowflake_dbt_project\target\osi_document.json
[0m00:46:56.748883 [debug] [MainThread]: Wrote artifact RunExecutionResult to E:\snowflake - dbt project\snowflake_dbt_project\target\run_results.json
[0m00:46:56.749456 [info ] [MainThread]: 
[0m00:46:56.750066 [info ] [MainThread]: [31mCompleted with 1 error, 0 partial successes, and 0 warnings:[0m
[0m00:46:56.750526 [info ] [MainThread]: 
[0m00:46:56.751146 [error] [MainThread]: [[31mERROR[0m]: in model fct.daily_order_revenue (models\marts\fct.daily_order_revenue.sql)
[0m00:46:56.751569 [error] [MainThread]:   Database Error in model fct.daily_order_revenue (models\marts\fct.daily_order_revenue.sql)
  002043 (02000): SQL compilation error:
  Object does not exist, or operation cannot be performed.
  compiled code at target\run\snowflake_dbt_project\models\marts\fct.daily_order_revenue.sql
[0m00:46:56.752083 [info ] [MainThread]: 
[0m00:46:56.752669 [info ] [MainThread]:   compiled code at target\compiled\snowflake_dbt_project\models\marts\fct.daily_order_revenue.sql
[0m00:46:56.753051 [info ] [MainThread]: 
[0m00:46:56.753452 [info ] [MainThread]: Done. PASS=4 WARN=0 ERROR=1 SKIP=0 NO-OP=0 REUSED=0 TOTAL=5
[0m00:46:56.754205 [debug] [MainThread]: Command `dbt run` failed at 00:46:56.754104 after 11.54 seconds
[0m00:46:56.754574 [debug] [MainThread]: Sending event: {'category': 'dbt', 'action': 'invocation', 'label': 'end', 'context': [<snowplow_tracker.self_describing_json.SelfDescribingJson object at 0x000001F316C52510>, <snowplow_tracker.self_describing_json.SelfDescribingJson object at 0x000001F314DF7050>, <snowplow_tracker.self_describing_json.SelfDescribingJson object at 0x000001F318780470>]}
[0m00:46:56.754920 [debug] [MainThread]: Flushing usage events
[0m00:46:57.647882 [debug] [MainThread]: An error was encountered while trying to flush usage events
[0m00:54:49.998595 [debug] [MainThread]: Sending event: {'category': 'dbt', 'action': 'invocation', 'label': 'start', 'context': [<snowplow_tracker.self_describing_json.SelfDescribingJson object at 0x0000012E1E5A0590>, <snowplow_tracker.self_describing_json.SelfDescribingJson object at 0x0000012E1BB00B90>, <snowplow_tracker.self_describing_json.SelfDescribingJson object at 0x0000012E20B379D0>]}


============================== 00:54:50.003609 | 9643dae8-d95b-46ab-8fd8-6cb37674b72a ==============================
[0m00:54:50.003609 [info ] [MainThread]: Running with dbt=1.12.0
[0m00:54:50.004437 [debug] [MainThread]: running dbt with arguments {'static_parser': 'True', 'no_print': 'None', 'version_check': 'True', 'warn_error_options': 'WarnErrorOptionsV2(error=[], warn=[], silence=[])', 'maximum_seed_size_mib': '1', 'target_path': 'None', 'printer_width': '80', 'write_json': 'True', 'introspect': 'True', 'log_cache_events': 'False', 'empty': 'False', 'cache_selected_only': 'False', 'log_format': 'default', 'debug': 'False', 'fail_fast': 'False', 'partial_parse': 'True', 'send_anonymous_usage_stats': 'True', 'quiet': 'False', 'warn_error': 'None', 'profiles_dir': 'C:\\Users\\hamad\\.dbt', 'indirect_selection': 'eager', 'hints_enabled': 'True', 'use_colors': 'True', 'use_experimental_parser': 'False', 'invocation_command': 'dbt run', 'log_path': 'E:\\snowflake - dbt project\\snowflake_dbt_project\\logs'}
[0m00:54:50.544600 [debug] [MainThread]: Snowflake adapter: Setting snowflake.connector to ERROR (file logging only)
[0m00:54:50.545432 [debug] [MainThread]: Snowflake adapter: Setting botocore to ERROR (file logging only)
[0m00:54:50.546045 [debug] [MainThread]: Snowflake adapter: Setting boto3 to ERROR (file logging only)
[0m00:54:50.836796 [debug] [MainThread]: Sending event: {'category': 'dbt', 'action': 'project_id', 'label': '9643dae8-d95b-46ab-8fd8-6cb37674b72a', 'context': [<snowplow_tracker.self_describing_json.SelfDescribingJson object at 0x0000012E226C8640>]}
[0m00:54:50.907523 [debug] [MainThread]: Sending event: {'category': 'dbt', 'action': 'adapter_info', 'label': '9643dae8-d95b-46ab-8fd8-6cb37674b72a', 'context': [<snowplow_tracker.self_describing_json.SelfDescribingJson object at 0x0000012E1BA645A0>]}
[0m00:54:50.909013 [info ] [MainThread]: Registered adapter: snowflake=1.12.0
[0m00:54:51.276901 [debug] [MainThread]: checksum: e2b009bdcd63f6a60a6dac58a2fb29818fa8d66ceac39f6312dc6f7f86b2acaf, vars: {}, profile: snowflake_dbt_project, target: dev, version: 1.12.0
[0m00:54:51.451241 [debug] [MainThread]: Partial parsing enabled: 1 files deleted, 1 files added, 0 files changed.
[0m00:54:51.451736 [debug] [MainThread]: Partial parsing: added file: snowflake_dbt_project://models\marts\fct_daily_order_revenue.sql
[0m00:54:51.452051 [debug] [MainThread]: Partial parsing: deleted file: snowflake_dbt_project://models\marts\fct.daily_order_revenue.sql
[0m00:54:51.762575 [debug] [MainThread]: Sending event: {'category': 'dbt', 'action': 'load_project', 'label': '9643dae8-d95b-46ab-8fd8-6cb37674b72a', 'context': [<snowplow_tracker.self_describing_json.SelfDescribingJson object at 0x0000012E23D64350>]}
[0m00:54:51.855771 [debug] [MainThread]: Wrote artifact WritableManifest to E:\snowflake - dbt project\snowflake_dbt_project\target\manifest.json
[0m00:54:51.859356 [debug] [MainThread]: Wrote artifact SemanticManifest to E:\snowflake - dbt project\snowflake_dbt_project\target\semantic_manifest.json
[0m00:54:51.891989 [debug] [MainThread]: Wrote artifact OsiDocument to E:\snowflake - dbt project\snowflake_dbt_project\target\osi_document.json
[0m00:54:51.905240 [debug] [MainThread]: Sending event: {'category': 'dbt', 'action': 'resource_counts', 'label': '9643dae8-d95b-46ab-8fd8-6cb37674b72a', 'context': [<snowplow_tracker.self_describing_json.SelfDescribingJson object at 0x0000012E2408AD50>]}
[0m00:54:51.906000 [info ] [MainThread]: Found 5 models, 4 sources, 545 macros
[0m00:54:51.906549 [debug] [MainThread]: Sending event: {'category': 'dbt', 'action': 'runnable_timing', 'label': '9643dae8-d95b-46ab-8fd8-6cb37674b72a', 'context': [<snowplow_tracker.self_describing_json.SelfDescribingJson object at 0x0000012E240BE890>]}
[0m00:54:51.908980 [info ] [MainThread]: 
[0m00:54:51.909478 [info ] [MainThread]: Concurrency: 4 threads (target='dev')
[0m00:54:51.910033 [info ] [MainThread]: 
[0m00:54:51.910764 [debug] [MainThread]: Acquiring new snowflake connection 'master'
[0m00:54:51.915165 [debug] [ThreadPool]: Acquiring new snowflake connection 'list_finance_db'
[0m00:54:51.928914 [debug] [ThreadPool]: Using snowflake connection "list_finance_db"
[0m00:54:51.929387 [debug] [ThreadPool]: On list_finance_db: show terse schemas in database finance_db
    limit 10000
/* {"app": "dbt", "dbt_version": "1.12.0", "profile_name": "snowflake_dbt_project", "target_name": "dev", "connection_name": "list_finance_db"} */
[0m00:54:51.929759 [debug] [ThreadPool]: Opening a new connection, currently in state init
[0m00:54:54.326152 [debug] [ThreadPool]: SQL status: SUCCESS 3 in 2.396 seconds
[0m00:54:54.329488 [debug] [ThreadPool]: Acquiring new snowflake connection 'list_finance_db_raw'
[0m00:54:54.342344 [debug] [ThreadPool]: Using snowflake connection "list_finance_db_raw"
[0m00:54:54.342757 [debug] [ThreadPool]: On list_finance_db_raw: show objects in finance_db.raw
    limit 10000
    

/* {"app": "dbt", "dbt_version": "1.12.0", "profile_name": "snowflake_dbt_project", "target_name": "dev", "connection_name": "list_finance_db_raw"} */;
[0m00:54:54.343061 [debug] [ThreadPool]: Opening a new connection, currently in state init
[0m00:54:55.489832 [debug] [ThreadPool]: SQL status: SUCCESS 8 in 1.147 seconds
[0m00:54:55.497532 [debug] [ThreadPool]: Using snowflake connection "list_finance_db_raw"
[0m00:54:55.497928 [debug] [ThreadPool]: On list_finance_db_raw: show user functions in finance_db.raw
/* {"app": "dbt", "dbt_version": "1.12.0", "profile_name": "snowflake_dbt_project", "target_name": "dev", "connection_name": "list_finance_db_raw"} */
[0m00:54:55.730316 [debug] [ThreadPool]: SQL status: SUCCESS 0 in 0.232 seconds
[0m00:54:55.733516 [debug] [MainThread]: Sending event: {'category': 'dbt', 'action': 'runnable_timing', 'label': '9643dae8-d95b-46ab-8fd8-6cb37674b72a', 'context': [<snowplow_tracker.self_describing_json.SelfDescribingJson object at 0x0000012E241E4460>]}
[0m00:54:55.739345 [debug] [Thread-4 (]: Began running node model.snowflake_dbt_project.stg_orders
[0m00:54:55.739940 [debug] [Thread-5 (]: Began running node model.snowflake_dbt_project.stg_products
[0m00:54:55.740434 [debug] [Thread-2 (]: Began running node model.snowflake_dbt_project.stg_customers
[0m00:54:55.740866 [debug] [Thread-3 (]: Began running node model.snowflake_dbt_project.stg_order_items
[0m00:54:55.742612 [info ] [Thread-2 (]: 1 of 5 START sql view model raw.stg_customers .................................. [RUN]
[0m00:54:55.741395 [info ] [Thread-4 (]: 3 of 5 START sql view model raw.stg_orders ..................................... [RUN]
[0m00:54:55.744342 [debug] [Thread-4 (]: Acquiring new snowflake connection 'model.snowflake_dbt_project.stg_orders'
[0m00:54:55.744771 [debug] [Thread-4 (]: Began compiling node model.snowflake_dbt_project.stg_orders
[0m00:54:55.743704 [debug] [Thread-2 (]: Acquiring new snowflake connection 'model.snowflake_dbt_project.stg_customers'
[0m00:54:55.743070 [info ] [Thread-3 (]: 2 of 5 START sql view model raw.stg_order_items ................................ [RUN]
[0m00:54:55.742001 [info ] [Thread-5 (]: 4 of 5 START sql view model raw.stg_products ................................... [RUN]
[0m00:54:55.752679 [debug] [Thread-5 (]: Acquiring new snowflake connection 'model.snowflake_dbt_project.stg_products'
[0m00:54:55.751672 [debug] [Thread-2 (]: Began compiling node model.snowflake_dbt_project.stg_customers
[0m00:54:55.756311 [debug] [Thread-2 (]: Writing injected SQL for node "model.snowflake_dbt_project.stg_customers"
[0m00:54:55.751199 [debug] [Thread-4 (]: Writing injected SQL for node "model.snowflake_dbt_project.stg_orders"
[0m00:54:55.753085 [debug] [Thread-5 (]: Began compiling node model.snowflake_dbt_project.stg_products
[0m00:54:55.752202 [debug] [Thread-3 (]: Acquiring new snowflake connection 'model.snowflake_dbt_project.stg_order_items'
[0m00:54:55.760494 [debug] [Thread-3 (]: Began compiling node model.snowflake_dbt_project.stg_order_items
[0m00:54:55.762330 [debug] [Thread-3 (]: Writing injected SQL for node "model.snowflake_dbt_project.stg_order_items"
[0m00:54:55.759870 [debug] [Thread-5 (]: Writing injected SQL for node "model.snowflake_dbt_project.stg_products"
[0m00:54:55.763323 [debug] [Thread-2 (]: Began executing node model.snowflake_dbt_project.stg_customers
[0m00:54:55.786897 [debug] [Thread-4 (]: Began executing node model.snowflake_dbt_project.stg_orders
[0m00:54:55.807740 [debug] [Thread-2 (]: Writing runtime sql for node "model.snowflake_dbt_project.stg_customers"
[0m00:54:55.812098 [debug] [Thread-4 (]: Writing runtime sql for node "model.snowflake_dbt_project.stg_orders"
[0m00:54:55.813457 [debug] [Thread-3 (]: Began executing node model.snowflake_dbt_project.stg_order_items
[0m00:54:55.812750 [debug] [Thread-5 (]: Began executing node model.snowflake_dbt_project.stg_products
[0m00:54:55.820153 [debug] [Thread-5 (]: Writing runtime sql for node "model.snowflake_dbt_project.stg_products"
[0m00:54:55.817848 [debug] [Thread-3 (]: Writing runtime sql for node "model.snowflake_dbt_project.stg_order_items"
[0m00:54:55.820945 [debug] [Thread-2 (]: Using snowflake connection "model.snowflake_dbt_project.stg_customers"
[0m00:54:55.821569 [debug] [Thread-2 (]: On model.snowflake_dbt_project.stg_customers: create or replace   view finance_db.raw.stg_customers
  
  
  
  
  as (
    select 
id as customer_id,
name as customer_name, 
email ,
country from finance_db.raw.customers
  )
/* {"app": "dbt", "dbt_version": "1.12.0", "profile_name": "snowflake_dbt_project", "target_name": "dev", "node_id": "model.snowflake_dbt_project.stg_customers"} */;
[0m00:54:55.823884 [debug] [Thread-2 (]: Opening a new connection, currently in state init
[0m00:54:55.824889 [debug] [Thread-5 (]: Using snowflake connection "model.snowflake_dbt_project.stg_products"
[0m00:54:55.822957 [debug] [Thread-4 (]: Using snowflake connection "model.snowflake_dbt_project.stg_orders"
[0m00:54:55.826079 [debug] [Thread-4 (]: On model.snowflake_dbt_project.stg_orders: create or replace   view finance_db.raw.stg_orders
  
  
  
  
  as (
    select 
id as order_id,
customer_id,
order_date,
status as order_status
from finance_db.raw.orders
  )
/* {"app": "dbt", "dbt_version": "1.12.0", "profile_name": "snowflake_dbt_project", "target_name": "dev", "node_id": "model.snowflake_dbt_project.stg_orders"} */;
[0m00:54:55.826466 [debug] [Thread-4 (]: Opening a new connection, currently in state init
[0m00:54:55.825449 [debug] [Thread-5 (]: On model.snowflake_dbt_project.stg_products: create or replace   view finance_db.raw.stg_products
  
  
  
  
  as (
    select 
id as propuct_id,
name as product_name,  
category as product_category,
price as product_price,
from finance_db.raw.products
  )
/* {"app": "dbt", "dbt_version": "1.12.0", "profile_name": "snowflake_dbt_project", "target_name": "dev", "node_id": "model.snowflake_dbt_project.stg_products"} */;
[0m00:54:55.827016 [debug] [Thread-5 (]: Opening a new connection, currently in state init
[0m00:54:55.831639 [debug] [Thread-3 (]: Using snowflake connection "model.snowflake_dbt_project.stg_order_items"
[0m00:54:55.832861 [debug] [Thread-3 (]: On model.snowflake_dbt_project.stg_order_items: create or replace   view finance_db.raw.stg_order_items
  
  
  
  
  as (
    select 
id as item_id,
order_id,
product_id,
quantity,
unit_price,
(quantity * unit_price) as total_price
from finance_db.raw.order_items
  )
/* {"app": "dbt", "dbt_version": "1.12.0", "profile_name": "snowflake_dbt_project", "target_name": "dev", "node_id": "model.snowflake_dbt_project.stg_order_items"} */;
[0m00:54:55.833520 [debug] [Thread-3 (]: Opening a new connection, currently in state init
[0m00:54:56.961519 [debug] [Thread-2 (]: SQL status: SUCCESS 1 in 1.138 seconds
[0m00:54:56.992303 [debug] [Thread-2 (]: Sending event: {'category': 'dbt', 'action': 'run_model', 'label': '9643dae8-d95b-46ab-8fd8-6cb37674b72a', 'context': [<snowplow_tracker.self_describing_json.SelfDescribingJson object at 0x0000012E243BEB10>]}
[0m00:54:56.992999 [info ] [Thread-2 (]: 1 of 5 OK created sql view model raw.stg_customers ............................. [[32mSUCCESS 1[0m in 1.25s]
[0m00:54:56.993684 [debug] [Thread-2 (]: Finished running node model.snowflake_dbt_project.stg_customers
[0m00:54:57.550842 [debug] [Thread-5 (]: SQL status: SUCCESS 1 in 1.724 seconds
[0m00:54:57.553184 [debug] [Thread-5 (]: Sending event: {'category': 'dbt', 'action': 'run_model', 'label': '9643dae8-d95b-46ab-8fd8-6cb37674b72a', 'context': [<snowplow_tracker.self_describing_json.SelfDescribingJson object at 0x0000012E244C07E0>]}
[0m00:54:57.553743 [info ] [Thread-5 (]: 4 of 5 OK created sql view model raw.stg_products .............................. [[32mSUCCESS 1[0m in 1.80s]
[0m00:54:57.554376 [debug] [Thread-5 (]: Finished running node model.snowflake_dbt_project.stg_products
[0m00:54:57.574506 [debug] [Thread-3 (]: SQL status: SUCCESS 1 in 1.741 seconds
[0m00:54:57.576815 [debug] [Thread-3 (]: Sending event: {'category': 'dbt', 'action': 'run_model', 'label': '9643dae8-d95b-46ab-8fd8-6cb37674b72a', 'context': [<snowplow_tracker.self_describing_json.SelfDescribingJson object at 0x0000012E2442FF70>]}
[0m00:54:57.577381 [info ] [Thread-3 (]: 2 of 5 OK created sql view model raw.stg_order_items ........................... [[32mSUCCESS 1[0m in 1.82s]
[0m00:54:57.578015 [debug] [Thread-3 (]: Finished running node model.snowflake_dbt_project.stg_order_items
[0m00:54:57.607981 [debug] [Thread-4 (]: SQL status: SUCCESS 1 in 1.781 seconds
[0m00:54:57.611704 [debug] [Thread-4 (]: Sending event: {'category': 'dbt', 'action': 'run_model', 'label': '9643dae8-d95b-46ab-8fd8-6cb37674b72a', 'context': [<snowplow_tracker.self_describing_json.SelfDescribingJson object at 0x0000012E2437D3D0>]}
[0m00:54:57.612394 [info ] [Thread-4 (]: 3 of 5 OK created sql view model raw.stg_orders ................................ [[32mSUCCESS 1[0m in 1.87s]
[0m00:54:57.613081 [debug] [Thread-4 (]: Finished running node model.snowflake_dbt_project.stg_orders
[0m00:54:57.614091 [debug] [Thread-2 (]: Began running node model.snowflake_dbt_project.fct_daily_order_revenue
[0m00:54:57.614724 [info ] [Thread-2 (]: 5 of 5 START sql table model raw.fct_daily_order_revenue ....................... [RUN]
[0m00:54:57.615462 [debug] [Thread-2 (]: Re-using an available connection from the pool (formerly model.snowflake_dbt_project.stg_customers, now model.snowflake_dbt_project.fct_daily_order_revenue)
[0m00:54:57.615881 [debug] [Thread-2 (]: Began compiling node model.snowflake_dbt_project.fct_daily_order_revenue
[0m00:54:57.618230 [debug] [Thread-2 (]: Writing injected SQL for node "model.snowflake_dbt_project.fct_daily_order_revenue"
[0m00:54:57.619084 [debug] [Thread-2 (]: Began executing node model.snowflake_dbt_project.fct_daily_order_revenue
[0m00:54:57.647370 [debug] [Thread-2 (]: Writing runtime sql for node "model.snowflake_dbt_project.fct_daily_order_revenue"
[0m00:54:57.649326 [debug] [Thread-2 (]: Using snowflake connection "model.snowflake_dbt_project.fct_daily_order_revenue"
[0m00:54:57.649787 [debug] [Thread-2 (]: On model.snowflake_dbt_project.fct_daily_order_revenue: create or replace transient table finance_db.raw.fct_daily_order_revenue
    
    
    
    
    

    as (select 
o.order_id,
o.order_date,
sum(total_price) as total_price
from finance_db.raw.stg_orders o
left join finance_db.raw.stg_order_items oi on o.order_id = oi.order_id
group by 1,2
    )

/* {"app": "dbt", "dbt_version": "1.12.0", "profile_name": "snowflake_dbt_project", "target_name": "dev", "node_id": "model.snowflake_dbt_project.fct_daily_order_revenue"} */;
[0m00:55:00.109628 [debug] [Thread-2 (]: SQL status: SUCCESS 300 in 2.459 seconds
[0m00:55:00.112418 [debug] [Thread-2 (]: Sending event: {'category': 'dbt', 'action': 'run_model', 'label': '9643dae8-d95b-46ab-8fd8-6cb37674b72a', 'context': [<snowplow_tracker.self_describing_json.SelfDescribingJson object at 0x0000012E241282F0>]}
[0m00:55:00.113185 [info ] [Thread-2 (]: 5 of 5 OK created sql table model raw.fct_daily_order_revenue .................. [[32mSUCCESS 300[0m in 2.50s]
[0m00:55:00.114041 [debug] [Thread-2 (]: Finished running node model.snowflake_dbt_project.fct_daily_order_revenue
[0m00:55:00.115873 [debug] [MainThread]: Connection 'master' was properly closed.
[0m00:55:00.116225 [debug] [MainThread]: Connection 'list_finance_db' was left open.
[0m00:55:00.116573 [debug] [MainThread]: On list_finance_db: Close
[0m00:55:00.534307 [debug] [MainThread]: Connection 'list_finance_db_raw' was left open.
[0m00:55:00.535203 [debug] [MainThread]: On list_finance_db_raw: Close
[0m00:55:00.892542 [debug] [MainThread]: Connection 'model.snowflake_dbt_project.fct_daily_order_revenue' was left open.
[0m00:55:00.893126 [debug] [MainThread]: On model.snowflake_dbt_project.fct_daily_order_revenue: Close
[0m00:55:01.241984 [debug] [MainThread]: Connection 'model.snowflake_dbt_project.stg_orders' was left open.
[0m00:55:01.242471 [debug] [MainThread]: On model.snowflake_dbt_project.stg_orders: Close
[0m00:55:01.624210 [debug] [MainThread]: Connection 'model.snowflake_dbt_project.stg_order_items' was left open.
[0m00:55:01.624869 [debug] [MainThread]: On model.snowflake_dbt_project.stg_order_items: Close
[0m00:55:02.009668 [debug] [MainThread]: Connection 'model.snowflake_dbt_project.stg_products' was left open.
[0m00:55:02.010104 [debug] [MainThread]: On model.snowflake_dbt_project.stg_products: Close
[0m00:55:02.385472 [info ] [MainThread]: 
[0m00:55:02.386081 [info ] [MainThread]: Finished running 1 table model, 4 view models in 0 hours 0 minutes and 10.47 seconds (10.47s).
[0m00:55:02.387663 [debug] [MainThread]: Command end result
[0m00:55:02.427338 [debug] [MainThread]: Wrote artifact WritableManifest to E:\snowflake - dbt project\snowflake_dbt_project\target\manifest.json
[0m00:55:02.431712 [debug] [MainThread]: Wrote artifact SemanticManifest to E:\snowflake - dbt project\snowflake_dbt_project\target\semantic_manifest.json
[0m00:55:02.434882 [debug] [MainThread]: Wrote artifact OsiDocument to E:\snowflake - dbt project\snowflake_dbt_project\target\osi_document.json
[0m00:55:02.442332 [debug] [MainThread]: Wrote artifact RunExecutionResult to E:\snowflake - dbt project\snowflake_dbt_project\target\run_results.json
[0m00:55:02.442711 [info ] [MainThread]: 
[0m00:55:02.443323 [info ] [MainThread]: [32mCompleted successfully[0m
[0m00:55:02.443746 [info ] [MainThread]: 
[0m00:55:02.444205 [info ] [MainThread]: Done. PASS=5 WARN=0 ERROR=0 SKIP=0 NO-OP=0 REUSED=0 TOTAL=5
[0m00:55:02.444919 [debug] [MainThread]: Command `dbt run` succeeded at 00:55:02.444817 after 12.67 seconds
[0m00:55:02.445271 [debug] [MainThread]: Sending event: {'category': 'dbt', 'action': 'invocation', 'label': 'end', 'context': [<snowplow_tracker.self_describing_json.SelfDescribingJson object at 0x0000012E23EC9730>, <snowplow_tracker.self_describing_json.SelfDescribingJson object at 0x0000012E1BE5AAB0>, <snowplow_tracker.self_describing_json.SelfDescribingJson object at 0x0000012E244994F0>]}
[0m00:55:02.445608 [debug] [MainThread]: Flushing usage events
[0m00:55:03.548740 [debug] [MainThread]: An error was encountered while trying to flush usage events
